package_name,version,overall_score,risk_level,typosquat_score,cadence_score,maintainer_checks_score,size_score,reputation_score,timing_score,dependency_score,num_signals,num_maintainers,signals_summary
api,latest,0.479,low,0.733,0.52,0.0,0.0,0.0,0.0,0.7,4,9,typosquat_detected;rapid_release_burst;multiple_maintainers;suspicious_dependency
node-addon-api,latest,0.191,low,0.0,0.49,0.0,0.0,0.0,0.0,0.1,3,7,rapid_release_burst;multiple_maintainers;no_dependencies
@opentelemetry/api,latest,0.36,low,0.0,0.49,0.0,0.0,0.0,0.0,0.1,2,2,rapid_release_burst;no_dependencies
@opentelemetry/api-logs,latest,0.0,unknown,0.0,0.0,0.0,0.0,0.0,0.0,0.0,0,2,
@webassemblyjs/helper-api-error,latest,0.478,low,0.0,0.55,0.3,0.9,0.3,0.0,0.1,5,1,rapid_release_burst;single_maintainer;sudden_size_increase;single_maintainer;no_dependencies
@storybook/api,latest,0.274,low,0.0,0.64,0.0,0.0,0.0,0.0,0.0,2,12,rapid_release_burst;multiple_maintainers
@storybook/client-api,latest,0.21,low,0.0,0.49,0.0,0.0,0.0,0.0,0.0,2,12,rapid_release_burst;multiple_maintainers
@vue/devtools-api,latest,0.378,low,0.0,0.715,0.0,0.0,0.0,0.0,0.0,3,5,dormancy_then_activity;rapid_release_burst;multiple_maintainers
@memlab/api,latest,0.327,low,0.0,0.0,0.0,0.0,0.0,0.0,0.7,2,3,multiple_maintainers;suspicious_dependency
@walletconnect/relay-api,latest,0.0,low,0.0,0.0,0.0,0.0,0.0,0.0,0.0,1,3,multiple_maintainers
ts-api-utils,latest,0.447,low,0.0,0.49,0.3,0.819,0.3,0.0,0.1,5,1,rapid_release_burst;single_maintainer;sudden_size_increase;single_maintainer;no_dependencies
@slack/web-api,latest,0.356,low,0.0,0.649,0.0,0.0,0.0,0.0,0.0,3,10,dormancy_then_activity;rapid_release_burst;multiple_maintainers
micro-api-client,latest,0.201,low,0.0,0.52,0.0,0.0,0.0,0.0,0.1,3,19,rapid_release_burst;multiple_maintainers;no_dependencies
@react-google-maps/api,latest,0.58,medium,0.0,0.58,0.0,0.0,0.0,0.0,0.0,1,2,rapid_release_burst
@hubspot/api-client,latest,0.298,low,0.0,0.61,0.0,0.4,0.0,0.0,0.0,3,35,rapid_release_burst;abnormally_large_package;multiple_maintainers
@types/connect-history-api-fallback,latest,0.3,low,0.0,0.0,0.3,0.0,0.3,0.0,0.0,2,1,single_maintainer;single_maintainer
@storybook/manager-api,latest,0.191,low,0.0,0.49,0.0,0.0,0.0,0.0,0.1,3,12,rapid_release_burst;multiple_maintainers;no_dependencies
@aws-amplify/api,latest,0.433,low,0.0,0.7,0.0,0.0,0.0,0.0,0.7,3,6,rapid_release_burst;multiple_maintainers;suspicious_dependency
safe-buffer,latest,0.36,low,0.0,0.49,0.0,0.0,0.0,0.0,0.1,2,2,rapid_release_burst;no_dependencies
@netlify/api,latest,0.223,low,0.0,0.52,0.0,0.0,0.0,0.0,0.0,2,19,rapid_release_burst;multiple_maintainers
@netlify/open-api,latest,0.346,low,0.0,0.697,0.0,0.0,0.0,0.0,0.1,4,19,dormancy_then_activity;rapid_release_burst;multiple_maintainers;no_dependencies
broccoli-node-api,latest,0.212,low,0.0,0.55,0.0,0.0,0.0,0.0,0.1,3,4,rapid_release_burst;multiple_maintainers;no_dependencies
node-api-headers,latest,0.328,low,0.0,0.8,0.0,0.0,0.0,0.0,0.1,3,4,dormancy_then_activity;multiple_maintainers;no_dependencies
@verdaccio/commons-api,latest,0.0,low,0.0,0.0,0.0,0.0,0.0,0.0,0.0,1,3,multiple_maintainers
node-telegram-bot-api,latest,0.658,medium,0.0,0.61,0.0,0.0,0.0,0.0,0.7,2,2,rapid_release_burst;suspicious_dependency
@tauri-apps/api,latest,0.425,low,0.0,0.52,0.0,0.9,0.0,0.0,0.1,4,6,rapid_release_burst;sudden_size_increase;multiple_maintainers;no_dependencies
@mondaydotcomorg/api,latest,0.21,low,0.0,0.49,0.0,0.0,0.0,0.0,0.0,2,111,rapid_release_burst;multiple_maintainers
testcafe-legacy-api,latest,0.454,low,0.0,0.55,0.3,0.0,0.3,0.0,0.7,4,1,rapid_release_burst;single_maintainer;single_maintainer;suspicious_dependency
@polkadot/api-augment,latest,0.7,medium,0.0,0.7,0.0,0.0,0.0,0.0,0.0,1,2,rapid_release_burst
@metamask/keyring-api,latest,0.223,low,0.0,0.52,0.0,0.0,0.0,0.0,0.0,2,3,rapid_release_burst;multiple_maintainers
@netlify/serverless-functions-api,latest,0.394,low,0.0,0.55,0.0,0.782,0.0,0.0,0.1,4,19,rapid_release_burst;sudden_size_increase;multiple_maintainers;no_dependencies
@lokalise/node-api,latest,0.191,low,0.0,0.49,0.0,0.0,0.0,0.0,0.1,3,20,rapid_release_burst;multiple_maintainers;no_dependencies
@microsoft/teamsfx-api,latest,0.261,low,0.0,0.61,0.0,0.0,0.0,0.0,0.0,2,4,rapid_release_burst;multiple_maintainers
npm-api,latest,0.389,low,0.0,0.61,0.3,0.0,0.3,0.0,0.0,3,1,rapid_release_burst;single_maintainer;single_maintainer
@aws-amplify/api-graphql,latest,0.39,low,0.0,0.55,0.0,0.0,0.0,0.0,0.7,3,6,rapid_release_burst;multiple_maintainers;suspicious_dependency
vue-hot-reload-api,latest,0.38,low,0.0,0.52,0.0,0.0,0.0,0.0,0.1,2,2,rapid_release_burst;no_dependencies
@logion/node-api,latest,0.603,medium,0.0,0.49,0.0,0.0,0.0,0.0,0.7,2,2,rapid_release_burst;suspicious_dependency
@webcontainer/api,latest,0.418,low,0.0,0.49,0.0,0.9,0.0,0.0,0.1,4,6,rapid_release_burst;sudden_size_increase;multiple_maintainers;no_dependencies
stripe,latest,0.501,medium,0.0,0.716,0.3,0.0,0.3,0.0,0.7,5,1,dormancy_then_activity;rapid_release_burst;single_maintainer;single_maintainer;suspicious_dependency
@aws-amplify/api-rest,latest,0.236,low,0.0,0.55,0.0,0.0,0.0,0.0,0.0,2,6,rapid_release_burst;multiple_maintainers
@microsoft/api-extractor,latest,0.49,low,0.0,0.49,0.0,0.0,0.0,0.0,0.0,1,2,rapid_release_burst
@dataform/core,latest,0.212,low,0.0,0.55,0.0,0.0,0.0,0.0,0.1,3,5,rapid_release_burst;multiple_maintainers;no_dependencies
@crowdin/crowdin-api-client,latest,0.502,medium,0.0,0.64,0.0,0.9,0.0,0.0,0.0,3,3,rapid_release_burst;sudden_size_increase;multiple_maintainers
@metamask/account-api,latest,0.461,low,0.0,0.49,0.0,0.9,0.0,0.0,0.0,3,3,rapid_release_burst;sudden_size_increase;multiple_maintainers
buffer,latest,0.441,low,0.0,0.49,0.3,0.0,0.3,0.0,0.7,4,1,rapid_release_burst;single_maintainer;single_maintainer;suspicious_dependency
dogapi,latest,0.441,low,0.0,0.49,0.3,0.0,0.3,0.0,0.7,4,1,rapid_release_burst;single_maintainer;single_maintainer;suspicious_dependency
safer-buffer,latest,0.338,low,0.0,0.55,0.3,0.0,0.3,0.0,0.1,4,1,rapid_release_burst;single_maintainer;single_maintainer;no_dependencies
@request/api,latest,0.0,unknown,0.0,0.0,0.0,0.0,0.0,0.0,0.0,0,2,
json-api-normalizer,latest,0.354,low,0.0,0.49,0.3,0.0,0.3,0.0,0.0,3,1,rapid_release_burst;single_maintainer;single_maintainer
@swagger-api/apidom-ns-api-design-systems,latest,0.354,low,0.0,0.49,0.3,0.0,0.3,0.0,0.0,3,1,rapid_release_burst;single_maintainer;single_maintainer
node-docker-api,latest,0.354,low,0.0,0.49,0.3,0.0,0.3,0.0,0.0,3,1,rapid_release_burst;single_maintainer;single_maintainer
cypress-plugin-api,latest,0.414,low,0.0,0.7,0.3,0.0,0.3,0.0,0.0,3,1,rapid_release_burst;single_maintainer;single_maintainer
u2f-api,latest,0.323,low,0.0,0.49,0.3,0.0,0.3,0.0,0.1,4,1,rapid_release_burst;single_maintainer;single_maintainer;no_dependencies
@argos-ci/api-client,latest,0.408,low,0.0,0.49,0.3,0.55,0.3,0.0,0.0,4,1,rapid_release_burst;single_maintainer;sudden_size_increase;single_maintainer
@neondatabase/api-client,latest,0.21,low,0.0,0.49,0.0,0.0,0.0,0.0,0.0,2,8,rapid_release_burst;multiple_maintainers
@alwaysmeticulous/api,latest,0.33,low,0.0,0.52,0.3,0.0,0.3,0.0,0.1,4,1,rapid_release_burst;single_maintainer;single_maintainer;no_dependencies
@scalar/api-client,latest,0.3,low,0.0,0.7,0.0,0.0,0.0,0.0,0.0,2,10,rapid_release_burst;multiple_maintainers
shopify-api-node,latest,0.603,medium,0.0,0.49,0.0,0.0,0.0,0.0,0.7,2,2,rapid_release_burst;suspicious_dependency
@giphy/js-fetch-api,latest,0.517,medium,0.0,0.55,0.3,0.9,0.3,0.0,0.0,4,1,rapid_release_burst;single_maintainer;sudden_size_increase;single_maintainer
@gitbeaker/core,latest,0.472,low,0.0,0.61,0.3,0.0,0.3,0.0,0.7,5,1,rapid_release_burst;suspicious_version_number;single_maintainer;single_maintainer;suspicious_dependency
@liff/server-api,latest,0.357,low,0.0,0.0,0.3,0.0,0.3,0.5,0.0,3,1,single_maintainer;single_maintainer;unusual_release_hours
reflect-metadata,latest,0.323,low,0.0,0.49,0.3,0.0,0.3,0.0,0.1,4,1,rapid_release_burst;single_maintainer;single_maintainer;no_dependencies
@metamask/keyring-internal-api,latest,0.21,low,0.0,0.49,0.0,0.0,0.0,0.0,0.0,2,3,rapid_release_burst;multiple_maintainers
@wordpress/api-fetch,latest,0.448,low,0.0,0.49,0.0,0.644,0.0,0.0,0.7,4,23,rapid_release_burst;sudden_size_increase;multiple_maintainers;suspicious_dependency
smartling-api-sdk-nodejs,latest,0.354,low,0.0,0.49,0.3,0.0,0.3,0.0,0.0,3,1,rapid_release_burst;single_maintainer;single_maintainer
@testmo/testmo-api,latest,0.461,low,0.0,0.49,0.0,0.9,0.0,0.0,0.0,3,5,rapid_release_burst;sudden_size_increase;multiple_maintainers
@forge/api,latest,0.467,low,0.0,0.49,0.3,0.557,0.3,0.0,0.7,5,1,rapid_release_burst;single_maintainer;sudden_size_increase;single_maintainer;suspicious_dependency
@inquirer/core,latest,0.591,medium,0.0,0.678,0.0,0.0,0.0,0.0,0.0,2,2,dormancy_then_activity;rapid_release_burst
@backstage/backend-plugin-api,latest,0.342,low,0.0,0.64,0.0,0.0,0.0,0.5,0.0,3,3,rapid_release_burst;multiple_maintainers;unusual_release_hours
@turnkey/api-key-stamper,latest,0.21,low,0.0,0.49,0.0,0.0,0.0,0.0,0.0,2,3,rapid_release_burst;multiple_maintainers
connect-history-api-fallback,latest,0.323,low,0.0,0.49,0.3,0.0,0.3,0.0,0.1,4,1,rapid_release_burst;single_maintainer;single_maintainer;no_dependencies
api-contract-validator,latest,0.261,low,0.0,0.61,0.0,0.0,0.0,0.0,0.0,2,3,rapid_release_burst;multiple_maintainers
@onfido/api,latest,0.3,low,0.0,0.0,0.3,0.0,0.3,0.0,0.0,2,1,single_maintainer;single_maintainer
@medusajs/api-key,latest,0.222,low,0.0,0.58,0.0,0.0,0.0,0.0,0.1,3,3,rapid_release_burst;multiple_maintainers;no_dependencies
@storybook/core,latest,0.399,low,0.0,0.58,0.0,0.4,0.0,0.0,0.7,4,12,rapid_release_burst;abnormally_large_package;multiple_maintainers;suspicious_dependency
@moralisweb3/aptos-api,latest,0.223,low,0.0,0.52,0.0,0.0,0.0,0.0,0.0,2,4,rapid_release_burst;multiple_maintainers
json-api-serializer,latest,0.354,low,0.0,0.49,0.3,0.0,0.3,0.0,0.0,3,1,rapid_release_burst;single_maintainer;single_maintainer
@moralisweb3/sol-api,latest,0.369,low,0.0,0.49,0.0,0.647,0.0,0.0,0.0,3,4,rapid_release_burst;sudden_size_increase;multiple_maintainers
@octokit/rest,latest,0.38,low,0.0,0.58,0.3,0.0,0.3,0.0,0.0,3,1,rapid_release_burst;single_maintainer;single_maintainer
web3,latest,0.49,low,0.0,0.49,0.0,0.0,0.0,0.0,0.0,1,2,rapid_release_burst
discord-api-types,latest,0.33,low,0.0,0.5,0.0,0.52,0.0,0.0,0.1,5,3,rapid_release_burst;suspicious_version_number;sudden_size_increase;multiple_maintainers;no_dependencies
@mocks-server/admin-api-paths,latest,0.323,low,0.0,0.49,0.3,0.0,0.3,0.0,0.1,4,1,rapid_release_burst;single_maintainer;single_maintainer;no_dependencies
@emotion/styled,latest,0.249,low,0.0,0.58,0.0,0.0,0.0,0.0,0.0,2,4,rapid_release_burst;multiple_maintainers
@bull-board/api,latest,0.414,low,0.0,0.7,0.3,0.0,0.3,0.0,0.0,3,1,rapid_release_burst;single_maintainer;single_maintainer
@twilio-labs/serverless-api,latest,0.6,medium,0.0,0.58,0.0,0.527,0.0,0.0,0.7,3,2,rapid_release_burst;sudden_size_increase;suspicious_dependency
n8n-nodes-evolution-api,latest,0.414,low,0.0,0.7,0.3,0.0,0.3,0.0,0.0,3,1,rapid_release_burst;single_maintainer;single_maintainer
@octokit/endpoint,latest,0.38,low,0.0,0.58,0.3,0.0,0.3,0.0,0.0,3,1,rapid_release_burst;single_maintainer;single_maintainer
urlpattern-polyfill,latest,0.36,low,0.0,0.55,0.0,0.674,0.0,0.0,0.1,4,3,rapid_release_burst;sudden_size_increase;multiple_maintainers;no_dependencies
@scalar/nextjs-api-reference,latest,0.261,low,0.0,0.61,0.0,0.0,0.0,0.0,0.0,2,10,rapid_release_burst;multiple_maintainers
@microsoft/api-extractor-model,latest,0.737,medium,0.0,0.52,0.0,0.9,0.0,0.0,0.0,2,2,rapid_release_burst;sudden_size_increase
nwsapi,latest,0.323,low,0.0,0.49,0.3,0.0,0.3,0.0,0.1,4,1,rapid_release_burst;single_maintainer;single_maintainer;no_dependencies
jest-mock,latest,0.21,low,0.0,0.49,0.0,0.0,0.0,0.0,0.0,2,5,rapid_release_burst;multiple_maintainers
@metamask/multichain-api-client,latest,0.201,low,0.0,0.52,0.0,0.0,0.0,0.0,0.1,3,3,rapid_release_burst;multiple_maintainers;no_dependencies
@salesforce/plugin-api,latest,0.373,low,0.0,0.49,0.0,0.0,0.0,0.0,0.7,3,47,rapid_release_burst;multiple_maintainers;suspicious_dependency
figma-api,latest,0.58,medium,0.0,0.58,0.0,0.0,0.0,0.0,0.0,1,2,rapid_release_burst
@figma/rest-api-spec,latest,0.027,low,0.0,0.0,0.0,0.0,0.0,0.0,0.1,2,56,multiple_maintainers;no_dependencies
@backstage/backend-app-api,latest,0.342,low,0.0,0.64,0.0,0.0,0.0,0.5,0.0,3,3,rapid_release_burst;multiple_maintainers;unusual_release_hours
@swagger-api/apidom-parser-adapter-api-design-systems-json,latest,0.354,low,0.0,0.49,0.3,0.0,0.3,0.0,0.0,3,1,rapid_release_burst;single_maintainer;single_maintainer
@nuxtjs/composition-api,latest,0.46,low,0.0,0.58,0.3,0.0,0.3,0.0,0.7,4,1,rapid_release_burst;single_maintainer;single_maintainer;suspicious_dependency
callsites,latest,0.267,low,0.0,0.0,0.3,0.0,0.3,0.0,0.1,3,1,single_maintainer;single_maintainer;no_dependencies
google-ads-api,latest,0.236,low,0.0,0.55,0.0,0.0,0.0,0.0,0.0,2,8,rapid_release_burst;multiple_maintainers
@liff/is-api-available,latest,0.357,low,0.0,0.0,0.3,0.0,0.3,0.5,0.0,3,1,single_maintainer;single_maintainer;unusual_release_hours
@antv/g-camera-api,latest,0.249,low,0.0,0.58,0.0,0.0,0.0,0.0,0.0,2,71,rapid_release_burst;multiple_maintainers
@backstage/core-plugin-api,latest,0.297,low,0.0,0.49,0.0,0.0,0.0,0.5,0.0,3,3,rapid_release_burst;multiple_maintainers;unusual_release_hours
tailwind-api-utils,latest,0.433,low,0.0,0.7,0.3,0.0,0.3,0.5,0.0,4,1,rapid_release_burst;single_maintainer;single_maintainer;unusual_release_hours
qase-api-client,latest,0.3,low,0.0,0.0,0.3,0.0,0.3,0.0,0.0,2,1,single_maintainer;single_maintainer
@aws-sdk/middleware-sdk-api-gateway,latest,0.52,medium,0.0,0.52,0.0,0.0,0.0,0.0,0.0,1,2,rapid_release_burst
@redocly/respect-core,latest,0.353,low,0.0,0.7,0.0,0.0,0.0,0.0,0.0,3,6,rapid_release_burst;suspicious_version_number;multiple_maintainers
gettyimages-api,latest,0.027,low,0.0,0.0,0.0,0.0,0.0,0.0,0.1,2,4,multiple_maintainers;no_dependencies
github-api,latest,0.21,low,0.0,0.49,0.0,0.0,0.0,0.0,0.0,2,5,rapid_release_burst;multiple_maintainers
google-gax,latest,0.21,low,0.0,0.49,0.0,0.0,0.0,0.0,0.0,2,3,rapid_release_burst;multiple_maintainers
@aws-amplify/amplify-category-api,latest,0.433,low,0.0,0.7,0.0,0.0,0.0,0.0,0.7,3,6,rapid_release_burst;multiple_maintainers;suspicious_dependency
redux-api-middleware,latest,0.5,medium,0.0,0.7,0.0,0.0,0.0,0.0,0.1,2,2,rapid_release_burst;no_dependencies
@transifex/api,latest,0.446,low,0.0,0.719,0.3,0.0,0.3,0.0,0.0,4,1,dormancy_then_activity;rapid_release_burst;single_maintainer;single_maintainer
klaviyo-api,latest,0.325,low,0.0,0.0,0.3,0.4,0.3,0.0,0.0,3,1,single_maintainer;abnormally_large_package;single_maintainer
@swagger-api/apidom-parser-adapter-api-design-systems-yaml,latest,0.354,low,0.0,0.49,0.3,0.0,0.3,0.0,0.0,3,1,rapid_release_burst;single_maintainer;single_maintainer
@storybook/core-client,latest,0.3,low,0.0,0.7,0.0,0.0,0.0,0.0,0.0,2,12,rapid_release_burst;multiple_maintainers
@octokit/auth-token,latest,0.323,low,0.0,0.49,0.3,0.0,0.3,0.0,0.1,4,1,rapid_release_burst;single_maintainer;single_maintainer;no_dependencies
node-api-version,latest,0.371,low,0.0,0.55,0.3,0.0,0.3,0.0,0.0,3,1,rapid_release_burst;single_maintainer;single_maintainer
fullscreen-api-polyfill,latest,0.367,low,0.0,0.0,0.0,0.0,0.0,0.5,0.1,2,2,unusual_release_hours;no_dependencies
@node-red/editor-api,latest,0.603,medium,0.0,0.49,0.0,0.0,0.0,0.0,0.7,2,2,rapid_release_burst;suspicious_dependency
swagger-typescript-api,latest,0.742,medium,0.0,0.58,0.0,0.9,0.0,0.0,0.7,3,2,rapid_release_burst;sudden_size_increase;suspicious_dependency
dockerode,latest,0.354,low,0.0,0.49,0.3,0.0,0.3,0.0,0.0,3,1,rapid_release_burst;single_maintainer;single_maintainer
launchdarkly-api-typescript,latest,0.325,low,0.0,0.0,0.3,0.4,0.3,0.0,0.0,3,1,single_maintainer;abnormally_large_package;single_maintainer
@logto/api,latest,0.0,unknown,0.0,0.0,0.0,0.0,0.0,0.0,0.0,0,2,
memfs,latest,0.475,low,0.0,0.76,0.3,0.0,0.3,0.0,0.0,4,1,dormancy_then_activity;rapid_release_burst;single_maintainer;single_maintainer
@base44/sdk,latest,0.21,low,0.0,0.49,0.0,0.0,0.0,0.0,0.0,2,4,rapid_release_burst;multiple_maintainers
confluence-api,latest,0.354,low,0.0,0.49,0.3,0.0,0.3,0.0,0.0,3,1,rapid_release_burst;single_maintainer;single_maintainer
playwright,latest,0.556,medium,0.0,0.8,0.0,0.9,0.0,0.5,0.0,5,4,dormancy_then_activity;rapid_release_burst;sudden_size_increase;multiple_maintainers;unusual_release_hours
@tryghost/content-api,latest,0.455,low,0.0,0.792,0.0,0.0,0.0,0.0,0.0,3,27,dormancy_then_activity;rapid_release_burst;multiple_maintainers
@scalar/api-reference,latest,0.3,low,0.0,0.7,0.0,0.0,0.0,0.0,0.0,2,10,rapid_release_burst;multiple_maintainers
@sendgrid/client,latest,0.354,low,0.0,0.49,0.3,0.0,0.3,0.0,0.0,3,1,rapid_release_burst;single_maintainer;single_maintainer
@vscode/copilot-api,latest,0.4,low,0.0,0.55,0.0,0.0,0.0,0.0,0.1,2,2,rapid_release_burst;no_dependencies
@npmcli/package-json,latest,0.385,low,0.0,0.734,0.0,0.0,0.0,0.0,0.0,3,6,dormancy_then_activity;rapid_release_burst;multiple_maintainers
api-spec-converter,latest,0.363,low,0.0,0.49,0.3,0.4,0.3,0.0,0.0,4,1,rapid_release_burst;single_maintainer;abnormally_large_package;single_maintainer
hxz-api,latest,0.427,low,0.0,0.0,0.3,0.0,0.3,0.0,0.7,3,1,single_maintainer;single_maintainer;suspicious_dependency
@microsoft/api-documenter,latest,0.49,low,0.0,0.49,0.0,0.0,0.0,0.0,0.0,1,2,rapid_release_burst
matrix-widget-api,latest,0.496,low,0.0,0.765,0.3,0.633,0.3,0.0,0.0,5,1,dormancy_then_activity;rapid_release_burst;single_maintainer;sudden_size_increase;single_maintainer
@shopify/shopify-api,latest,0.378,low,0.0,0.49,0.0,0.4,0.0,0.0,0.7,4,7,rapid_release_burst;abnormally_large_package;multiple_maintainers;suspicious_dependency
@google-cloud/run,latest,0.0,unknown,0.0,0.0,0.0,0.0,0.0,0.0,0.0,0,2,
@unkey/api,latest,0.223,low,0.0,0.52,0.0,0.0,0.0,0.0,0.0,2,3,rapid_release_burst;multiple_maintainers
csv-parse,latest,0.323,low,0.0,0.49,0.3,0.0,0.3,0.0,0.1,4,1,rapid_release_burst;single_maintainer;single_maintainer;no_dependencies
@octokit/graphql,latest,0.354,low,0.0,0.49,0.3,0.0,0.3,0.0,0.0,3,1,rapid_release_burst;single_maintainer;single_maintainer
@adyen/api-library,latest,0.26,low,0.0,0.49,0.0,0.4,0.0,0.0,0.0,3,6,rapid_release_burst;abnormally_large_package;multiple_maintainers
@backstage/core-app-api,latest,0.297,low,0.0,0.49,0.0,0.0,0.0,0.5,0.0,3,3,rapid_release_burst;multiple_maintainers;unusual_release_hours
spotify-web-api-node,latest,0.58,medium,0.0,0.58,0.0,0.0,0.0,0.0,0.0,1,2,rapid_release_burst
@tableau/embedding-api,latest,0.55,medium,0.0,0.55,0.0,0.0,0.0,0.0,0.0,1,2,rapid_release_burst
@stryker-mutator/api,latest,0.21,low,0.0,0.49,0.0,0.0,0.0,0.0,0.0,2,4,rapid_release_burst;multiple_maintainers
api-elements,latest,0.9,high,0.0,0.0,0.0,0.9,0.0,0.0,0.0,1,2,sudden_size_increase
youtube-player,latest,0.371,low,0.0,0.55,0.3,0.0,0.3,0.0,0.0,3,1,rapid_release_burst;single_maintainer;single_maintainer
@mollie/api-client,latest,0.402,low,0.0,0.785,0.0,0.0,0.0,0.0,0.0,3,11,dormancy_then_activity;rapid_release_burst;multiple_maintainers
@cubejs-backend/api-gateway,latest,0.373,low,0.0,0.49,0.0,0.0,0.0,0.0,0.7,3,4,rapid_release_burst;multiple_maintainers;suspicious_dependency
@scalar/api-reference-react,latest,0.3,low,0.0,0.7,0.0,0.0,0.0,0.0,0.0,2,10,rapid_release_burst;multiple_maintainers
@playwright/test,latest,0.478,low,0.0,0.7,0.0,0.773,0.0,0.5,0.0,4,4,rapid_release_burst;sudden_size_increase;multiple_maintainers;unusual_release_hours
@vitalets/google-translate-api,latest,0.3,low,0.0,0.0,0.3,0.0,0.3,0.0,0.0,2,1,single_maintainer;single_maintainer
@codingame/monaco-vscode-api,latest,0.326,low,0.0,0.7,0.0,0.4,0.0,0.0,0.0,3,5,rapid_release_burst;abnormally_large_package;multiple_maintainers
@octokit/plugin-paginate-rest,latest,0.371,low,0.0,0.55,0.3,0.0,0.3,0.0,0.0,3,1,rapid_release_burst;single_maintainer;single_maintainer
@aws-sdk/client-api-gateway,latest,0.645,medium,0.0,0.58,0.0,0.0,0.0,0.0,0.7,2,2,rapid_release_burst;suspicious_dependency
node-parse-api,latest,0.267,low,0.0,0.0,0.3,0.0,0.3,0.0,0.1,3,1,single_maintainer;single_maintainer;no_dependencies
@react-google-maps/infobox,latest,0.36,low,0.0,0.49,0.0,0.0,0.0,0.0,0.1,2,2,rapid_release_burst;no_dependencies
emoji-api,latest,0.408,low,0.0,0.49,0.3,0.663,0.3,0.0,0.1,5,1,rapid_release_burst;single_maintainer;sudden_size_increase;single_maintainer;no_dependencies
onnxruntime-common,latest,0.212,low,0.0,0.55,0.0,0.0,0.0,0.0,0.1,3,3,rapid_release_burst;multiple_maintainers;no_dependencies
uncrypto,latest,0.323,low,0.0,0.49,0.3,0.0,0.3,0.0,0.1,4,1,rapid_release_burst;single_maintainer;single_maintainer;no_dependencies
qase-api-v2-client,latest,0.3,low,0.0,0.0,0.3,0.0,0.3,0.0,0.0,2,1,single_maintainer;single_maintainer
node-fetch,latest,0.236,low,0.0,0.55,0.0,0.0,0.0,0.0,0.0,2,5,rapid_release_burst;multiple_maintainers
near-api-js,latest,0.446,low,0.0,0.663,0.0,0.0,0.0,0.0,0.7,4,6,dormancy_then_activity;rapid_release_burst;multiple_maintainers;suspicious_dependency
@thoughtspot/rest-api-sdk,latest,0.405,low,0.0,0.8,0.0,0.4,0.0,0.0,0.0,4,12,dormancy_then_activity;rapid_release_burst;abnormally_large_package;multiple_maintainers
@prismicio/api-renderer,latest,0.223,low,0.0,0.52,0.0,0.0,0.0,0.0,0.0,2,24,rapid_release_burst;multiple_maintainers
whatwg-url,latest,0.382,low,0.0,0.52,0.0,0.0,0.0,0.0,0.7,3,6,rapid_release_burst;multiple_maintainers;suspicious_dependency
@shopware/api-client,latest,0.556,medium,0.0,0.7,0.3,0.9,0.3,0.0,0.7,6,1,rapid_release_burst;single_maintainer;sudden_size_increase;abnormally_large_package;single_maintainer;suspicious_dependency
@tarojs/api,latest,0.432,low,0.0,0.55,0.0,0.9,0.0,0.0,0.1,4,12,rapid_release_burst;sudden_size_increase;multiple_maintainers;no_dependencies
@types/apple-signin-api,latest,0.267,low,0.0,0.0,0.3,0.0,0.3,0.0,0.1,3,1,single_maintainer;single_maintainer;no_dependencies
amazon-sp-api,latest,0.512,medium,0.0,0.49,0.3,0.761,0.3,0.0,0.7,5,1,rapid_release_burst;single_maintainer;sudden_size_increase;single_maintainer;suspicious_dependency
@mongosh/shell-api,latest,0.373,low,0.0,0.49,0.0,0.0,0.0,0.0,0.7,3,5,rapid_release_burst;multiple_maintainers;suspicious_dependency
rfg-api,latest,0.354,low,0.0,0.49,0.3,0.0,0.3,0.0,0.0,3,1,rapid_release_burst;single_maintainer;single_maintainer
docker-modem,latest,0.354,low,0.0,0.49,0.3,0.0,0.3,0.0,0.0,3,1,rapid_release_burst;single_maintainer;single_maintainer
@sinonjs/text-encoding,latest,0.027,low,0.0,0.0,0.0,0.0,0.0,0.0,0.1,2,6,multiple_maintainers;no_dependencies
@duffel/api,latest,0.223,low,0.0,0.52,0.0,0.0,0.0,0.0,0.0,2,6,rapid_release_burst;multiple_maintainers
@formbricks/api,latest,0.646,medium,0.0,0.0,0.0,0.851,0.0,0.0,0.1,2,2,sudden_size_increase;no_dependencies
coingecko-api-v3,latest,0.53,medium,0.0,0.61,0.3,0.9,0.3,0.0,0.0,4,1,rapid_release_burst;single_maintainer;sudden_size_increase;single_maintainer
@graphiql/plugin-history,latest,0.3,low,0.0,0.7,0.0,0.0,0.0,0.0,0.0,2,5,rapid_release_burst;multiple_maintainers
@langchain/langgraph-api,latest,0.373,low,0.0,0.49,0.0,0.0,0.0,0.0,0.7,3,11,rapid_release_burst;multiple_maintainers;suspicious_dependency
msw,latest,0.459,low,0.733,0.49,0.3,0.0,0.3,0.0,0.0,4,1,typosquat_detected;rapid_release_burst;single_maintainer;single_maintainer
csv-stringify,latest,0.33,low,0.0,0.52,0.3,0.0,0.3,0.0,0.1,4,1,rapid_release_burst;single_maintainer;single_maintainer;no_dependencies
stack-chain,latest,0.323,low,0.0,0.49,0.3,0.0,0.3,0.0,0.1,4,1,rapid_release_burst;single_maintainer;single_maintainer;no_dependencies
testrail-api,latest,0.354,low,0.0,0.49,0.3,0.0,0.3,0.0,0.0,3,1,rapid_release_burst;single_maintainer;single_maintainer
twitter-api-v2,latest,0.467,low,0.0,0.49,0.3,0.9,0.3,0.0,0.1,5,1,rapid_release_burst;single_maintainer;sudden_size_increase;single_maintainer;no_dependencies
api-ref-bundler,latest,0.38,low,0.0,0.58,0.3,0.0,0.3,0.0,0.0,3,1,rapid_release_burst;single_maintainer;single_maintainer
dropbox-v2-api,latest,0.363,low,0.0,0.52,0.3,0.0,0.3,0.0,0.0,3,1,rapid_release_burst;single_maintainer;single_maintainer
@graphiql/plugin-doc-explorer,latest,0.274,low,0.0,0.64,0.0,0.0,0.0,0.0,0.0,2,5,rapid_release_burst;multiple_maintainers
openai,latest,0.507,medium,0.0,0.8,0.0,0.9,0.0,0.0,0.1,5,17,dormancy_then_activity;rapid_release_burst;sudden_size_increase;multiple_maintainers;no_dependencies
mocker-api,latest,0.354,low,0.0,0.49,0.3,0.0,0.3,0.0,0.0,3,1,rapid_release_burst;single_maintainer;single_maintainer
@woocommerce/woocommerce-rest-api,latest,0.21,low,0.0,0.49,0.0,0.0,0.0,0.0,0.0,2,10,rapid_release_burst;multiple_maintainers
@allurereport/plugin-api,latest,0.0,unknown,0.0,0.0,0.0,0.0,0.0,0.0,0.0,0,2,
oxc-resolver,latest,0.323,low,0.0,0.49,0.3,0.0,0.3,0.0,0.1,4,1,rapid_release_burst;single_maintainer;single_maintainer;no_dependencies
@kubernetes-models/gateway-api,latest,0.389,low,0.0,0.61,0.3,0.0,0.3,0.0,0.0,3,1,rapid_release_burst;single_maintainer;single_maintainer
@twurple/api,latest,0.439,low,0.0,0.668,0.3,0.0,0.3,0.0,0.0,4,1,dormancy_then_activity;rapid_release_burst;single_maintainer;single_maintainer
libnpmorg,latest,0.0,low,0.0,0.0,0.0,0.0,0.0,0.0,0.0,1,6,multiple_maintainers
mongodb-atlas-api-client,latest,0.548,medium,0.0,0.7,0.3,0.9,0.3,0.0,0.0,4,1,rapid_release_burst;single_maintainer;sudden_size_increase;single_maintainer
@serialport/parser-readline,latest,0.327,low,0.0,0.49,0.0,0.531,0.0,0.0,0.0,3,3,rapid_release_burst;sudden_size_increase;multiple_maintainers
algoliasearch,latest,0.236,low,0.0,0.55,0.0,0.0,0.0,0.0,0.0,2,9,rapid_release_burst;multiple_maintainers
@react-google-maps/marker-clusterer,latest,0.42,low,0.0,0.58,0.0,0.0,0.0,0.0,0.1,2,2,rapid_release_burst;no_dependencies
webflow-api,latest,0.512,medium,0.0,0.8,0.0,0.0,0.0,0.0,0.7,4,3,dormancy_then_activity;rapid_release_burst;multiple_maintainers;suspicious_dependency
@asamuzakjp/nwsapi,latest,0.323,low,0.0,0.49,0.3,0.0,0.3,0.0,0.1,4,1,rapid_release_burst;single_maintainer;single_maintainer;no_dependencies
ews-javascript-api,latest,0.354,low,0.0,0.49,0.3,0.0,0.3,0.0,0.0,3,1,rapid_release_burst;single_maintainer;single_maintainer
@gitbook/api,latest,0.5,medium,0.0,0.708,0.0,0.803,0.0,0.0,0.0,4,6,dormancy_then_activity;rapid_release_burst;sudden_size_increase;multiple_maintainers
@oxc-resolver/binding-linux-x64-musl,latest,0.323,low,0.0,0.49,0.3,0.0,0.3,0.0,0.1,4,1,rapid_release_burst;single_maintainer;single_maintainer;no_dependencies
ini-api,latest,0.412,low,0.0,0.49,0.3,0.682,0.3,0.0,0.1,5,1,rapid_release_burst;single_maintainer;sudden_size_increase;single_maintainer;no_dependencies
@duckdb/node-api,latest,0.49,low,0.0,0.49,0.0,0.0,0.0,0.0,0.0,1,2,rapid_release_burst
http2-wrapper,latest,0.49,low,0.0,0.49,0.0,0.0,0.0,0.0,0.0,1,2,rapid_release_burst
@nanogiants/nestjs-swagger-api-exception-decorator,latest,0.294,low,0.0,0.49,0.0,0.513,0.0,0.0,0.1,4,3,rapid_release_burst;sudden_size_increase;multiple_maintainers;no_dependencies
@codingame/monaco-vscode-extension-api,latest,0.373,low,0.0,0.49,0.0,0.0,0.0,0.0,0.7,3,5,rapid_release_burst;multiple_maintainers;suspicious_dependency
@allurereport/core-api,latest,0.0,unknown,0.0,0.0,0.0,0.0,0.0,0.0,0.0,0,2,
@antv/g-device-api,latest,0.223,low,0.0,0.52,0.0,0.0,0.0,0.0,0.0,2,71,rapid_release_burst;multiple_maintainers
@types/arcgis-rest-api,latest,0.267,low,0.0,0.0,0.3,0.0,0.3,0.0,0.1,3,1,single_maintainer;single_maintainer;no_dependencies
@kintone/rest-api-client,latest,0.441,low,0.0,0.49,0.3,0.0,0.3,0.0,0.7,4,1,rapid_release_burst;single_maintainer;single_maintainer;suspicious_dependency
@storybook/core-common,latest,0.265,low,0.0,0.7,0.0,0.0,0.0,0.0,0.1,3,12,rapid_release_burst;multiple_maintainers;no_dependencies
isomorphic-fetch,latest,0.55,medium,0.0,0.55,0.0,0.0,0.0,0.0,0.0,1,2,rapid_release_burst
@ckeditor/ckeditor5-widget,latest,0.354,low,0.0,0.49,0.3,0.0,0.3,0.0,0.0,3,1,rapid_release_burst;single_maintainer;single_maintainer
xfarr-api,latest,0.509,medium,0.0,0.0,0.3,0.9,0.3,0.0,0.0,3,1,single_maintainer;sudden_size_increase;single_maintainer
google-translate-api-x,latest,0.345,low,0.0,0.58,0.3,0.0,0.3,0.0,0.1,4,1,rapid_release_burst;single_maintainer;single_maintainer;no_dependencies
strong-globalize,latest,0.425,low,0.0,0.67,0.0,0.0,0.0,0.0,0.7,3,7,rapid_release_burst;multiple_maintainers;suspicious_dependency
@unrs/resolver-binding-linux-x64-musl,latest,0.33,low,0.0,0.52,0.3,0.0,0.3,0.0,0.1,4,1,rapid_release_burst;single_maintainer;single_maintainer;no_dependencies
@rushstack/heft-api-extractor-plugin,latest,0.21,low,0.0,0.49,0.0,0.0,0.0,0.0,0.0,2,3,rapid_release_burst;multiple_maintainers
@discordjs/rest,latest,0.565,medium,0.0,0.58,0.0,0.554,0.0,0.0,0.0,2,2,rapid_release_burst;sudden_size_increase
@allurereport/reader-api,latest,0.698,medium,0.0,0.0,0.0,0.698,0.0,0.0,0.0,1,2,sudden_size_increase
@dynamic-labs/sdk-api-core,latest,0.345,low,0.0,0.58,0.3,0.0,0.3,0.0,0.1,4,1,rapid_release_burst;single_maintainer;single_maintainer;no_dependencies
@goauthentik/api,latest,0.426,low,0.0,0.55,0.0,0.4,0.0,0.0,0.1,4,2,rapid_release_burst;suspicious_version_number;abnormally_large_package;no_dependencies
@types/tryghost__content-api,latest,0.267,low,0.0,0.0,0.3,0.0,0.3,0.0,0.1,3,1,single_maintainer;single_maintainer;no_dependencies
@storybook/core-webpack,latest,0.236,low,0.0,0.55,0.0,0.0,0.0,0.0,0.0,2,12,rapid_release_burst;multiple_maintainers
@google-cloud/tasks,latest,0.354,low,0.0,0.49,0.3,0.0,0.3,0.0,0.0,3,1,rapid_release_burst;single_maintainer;single_maintainer
@oxc-resolver/binding-linux-x64-gnu,latest,0.467,low,0.0,0.49,0.3,0.9,0.3,0.0,0.1,5,1,rapid_release_burst;single_maintainer;sudden_size_increase;single_maintainer;no_dependencies
@sap/cf-tools,latest,0.354,low,0.0,0.49,0.3,0.0,0.3,0.0,0.0,3,1,rapid_release_burst;single_maintainer;single_maintainer
prometheus-api-metrics,latest,0.236,low,0.0,0.55,0.0,0.0,0.0,0.0,0.0,2,3,rapid_release_burst;multiple_maintainers
jsforce,latest,0.394,low,0.0,0.757,0.0,0.4,0.0,0.0,0.0,4,4,dormancy_then_activity;rapid_release_burst;abnormally_large_package;multiple_maintainers
@slack/rtm-api,latest,0.0,low,0.0,0.0,0.0,0.0,0.0,0.0,0.0,1,10,multiple_maintainers
@types/node-telegram-bot-api,latest,0.447,low,0.0,0.725,0.3,0.0,0.3,0.0,0.0,4,1,dormancy_then_activity;rapid_release_burst;single_maintainer;single_maintainer
api-autoresbot,latest,0.509,medium,0.0,0.52,0.3,0.9,0.3,0.5,0.0,5,1,rapid_release_burst;single_maintainer;sudden_size_increase;single_maintainer;unusual_release_hours
@rss3/api-utils,latest,0.461,low,0.0,0.49,0.0,0.9,0.0,0.0,0.0,3,3,rapid_release_burst;sudden_size_increase;multiple_maintainers
@whatwg-node/node-fetch,latest,0.52,medium,0.0,0.52,0.0,0.0,0.0,0.0,0.0,1,2,rapid_release_burst
lib,latest,0.606,medium,0.733,0.52,0.0,0.0,0.0,0.0,0.1,4,2,typosquat_detected;typosquat_detected;rapid_release_burst;no_dependencies
@types/istanbul-lib-coverage,latest,0.267,low,0.0,0.0,0.3,0.0,0.3,0.0,0.1,3,1,single_maintainer;single_maintainer;no_dependencies
@types/istanbul-lib-report,latest,0.3,low,0.0,0.0,0.3,0.0,0.3,0.0,0.0,2,1,single_maintainer;single_maintainer
app-builder-lib,latest,0.67,medium,0.0,0.67,0.0,0.0,0.0,0.0,0.0,1,2,rapid_release_burst
@actions/exec,latest,0.0,low,0.0,0.0,0.0,0.0,0.0,0.0,0.0,1,6,multiple_maintainers
ansis,latest,0.375,low,0.0,0.7,0.3,0.0,0.3,0.0,0.1,4,1,rapid_release_burst;single_maintainer;single_maintainer;no_dependencies
@actions/core,latest,0.0,low,0.0,0.0,0.0,0.0,0.0,0.0,0.0,1,6,multiple_maintainers
dom-helpers,latest,0.287,low,0.0,0.67,0.0,0.0,0.0,0.0,0.0,2,3,rapid_release_burst;multiple_maintainers
@actions/io,latest,0.027,low,0.0,0.0,0.0,0.0,0.0,0.0,0.1,2,6,multiple_maintainers;no_dependencies
@actions/github,latest,0.0,low,0.0,0.0,0.0,0.0,0.0,0.0,0.0,1,6,multiple_maintainers
blg-akaun-ts-lib,latest,0.544,medium,0.0,0.7,0.0,0.4,0.0,0.0,0.0,3,2,rapid_release_burst;suspicious_version_number;abnormally_large_package
@types/bitcore-lib,latest,0.3,low,0.0,0.0,0.3,0.0,0.3,0.0,0.0,2,1,single_maintainer;single_maintainer
@formatjs/cli-lib,latest,0.21,low,0.0,0.49,0.0,0.0,0.0,0.0,0.0,2,3,rapid_release_burst;multiple_maintainers
cordova-lib,latest,0.398,low,0.0,0.5,0.0,0.0,0.0,0.0,0.7,4,24,rapid_release_burst;suspicious_version_number;multiple_maintainers;suspicious_dependency
sitemap,latest,0.639,medium,0.0,0.8,0.0,0.0,0.0,0.5,0.7,4,2,dormancy_then_activity;rapid_release_burst;unusual_release_hours;suspicious_dependency
@types/istanbul-lib-instrument,latest,0.3,low,0.0,0.0,0.3,0.0,0.3,0.0,0.0,2,1,single_maintainer;single_maintainer
lib-esm,latest,0.323,low,0.0,0.49,0.3,0.0,0.3,0.0,0.1,4,1,rapid_release_burst;single_maintainer;single_maintainer;no_dependencies
jss,latest,0.603,medium,0.733,0.49,0.3,0.0,0.3,0.0,0.0,8,1,typosquat_detected;typosquat_detected;typosquat_detected;typosquat_detected;typosquat_detected;rapid_release_burst;single_maintainer;single_maintainer
@adobe/aio-lib-core-networking,latest,0.43,low,0.0,0.8,0.6,0.0,0.0,0.0,0.0,3,31,dormancy_then_activity;potential_new_maintainer_activity;multiple_maintainers
is-my-ip-valid,latest,0.267,low,0.0,0.0,0.3,0.0,0.3,0.0,0.1,3,1,single_maintainer;single_maintainer;no_dependencies
jest-when,latest,0.323,low,0.0,0.49,0.3,0.0,0.3,0.0,0.1,4,1,rapid_release_burst;single_maintainer;single_maintainer;no_dependencies
@types/istanbul-lib-source-maps,latest,0.3,low,0.0,0.0,0.3,0.0,0.3,0.0,0.0,2,1,single_maintainer;single_maintainer
@actions/artifact,latest,0.337,low,0.0,0.49,0.0,0.561,0.0,0.0,0.0,3,6,rapid_release_burst;sudden_size_increase;multiple_maintainers
@actions/glob,latest,0.0,low,0.0,0.0,0.0,0.0,0.0,0.0,0.0,1,6,multiple_maintainers
ios-device-lib,latest,0.236,low,0.0,0.55,0.0,0.0,0.0,0.0,0.0,2,7,rapid_release_burst;multiple_maintainers
vite-plugin-lib-inject-css,latest,0.3,low,0.0,0.0,0.3,0.0,0.3,0.0,0.0,2,1,single_maintainer;single_maintainer
ansi-html-community,latest,0.267,low,0.0,0.0,0.3,0.0,0.3,0.0,0.1,3,1,single_maintainer;single_maintainer;no_dependencies
fast-memoize,latest,0.33,low,0.0,0.52,0.3,0.0,0.3,0.0,0.1,4,1,rapid_release_burst;single_maintainer;single_maintainer;no_dependencies
oauth-sign,latest,0.027,low,0.0,0.0,0.0,0.0,0.0,0.0,0.1,2,3,multiple_maintainers;no_dependencies
color2k,latest,0.459,low,0.733,0.67,0.3,0.0,0.3,0.0,0.1,5,1,typosquat_detected;rapid_release_burst;single_maintainer;single_maintainer;no_dependencies
keycharm,latest,0.375,low,0.0,0.7,0.3,0.0,0.3,0.0,0.1,4,1,rapid_release_burst;single_maintainer;single_maintainer;no_dependencies
@cspell/cspell-types,latest,0.426,low,0.0,0.61,0.3,0.647,0.3,0.0,0.1,5,1,rapid_release_burst;single_maintainer;sudden_size_increase;single_maintainer;no_dependencies
hb-lib-tools,latest,0.505,medium,0.0,0.49,0.3,0.9,0.3,0.0,0.0,4,1,rapid_release_burst;single_maintainer;sudden_size_increase;single_maintainer
@adobe/aio-lib-runtime,latest,0.505,medium,0.0,0.651,0.0,0.724,0.0,0.0,0.7,5,31,dormancy_then_activity;rapid_release_burst;sudden_size_increase;multiple_maintainers;suspicious_dependency
angular-auth-oidc-client,latest,0.7,medium,0.0,0.7,0.0,0.0,0.0,0.0,0.7,2,2,rapid_release_burst;suspicious_dependency
@substrate/txwrapper-core,latest,0.21,low,0.0,0.49,0.0,0.0,0.0,0.0,0.0,2,4,rapid_release_burst;multiple_maintainers
ansi-html,latest,0.33,low,0.0,0.52,0.3,0.0,0.3,0.0,0.1,4,1,rapid_release_burst;single_maintainer;single_maintainer;no_dependencies
@angular-architects/module-federation-runtime,latest,0.21,low,0.0,0.49,0.0,0.0,0.0,0.0,0.0,2,5,rapid_release_burst;multiple_maintainers
@adobe/aio-lib-env,latest,0.0,low,0.0,0.0,0.0,0.0,0.0,0.0,0.0,1,31,multiple_maintainers
@types/createjs-lib,latest,0.323,low,0.0,0.49,0.3,0.0,0.3,0.0,0.1,4,1,rapid_release_burst;single_maintainer;single_maintainer;no_dependencies
@actions/cache,latest,0.21,low,0.0,0.49,0.0,0.0,0.0,0.0,0.0,2,6,rapid_release_burst;multiple_maintainers
youboralib,latest,0.46,low,0.0,0.64,0.0,0.0,0.0,0.0,0.1,2,2,rapid_release_burst;no_dependencies
@actions/tool-cache,latest,0.223,low,0.0,0.52,0.0,0.0,0.0,0.0,0.0,2,6,rapid_release_burst;multiple_maintainers
@rc-component/mini-decimal,latest,0.0,low,0.0,0.0,0.0,0.0,0.0,0.0,0.0,1,5,multiple_maintainers
@aleph-alpha/lib-http,latest,0.603,medium,0.0,0.49,0.0,0.0,0.0,0.0,0.7,2,2,rapid_release_burst;suspicious_dependency
seventh,latest,0.414,low,0.0,0.7,0.3,0.0,0.3,0.0,0.0,3,1,rapid_release_burst;single_maintainer;single_maintainer
@adobe/aio-lib-ims-jwt,latest,0.21,low,0.0,0.49,0.0,0.0,0.0,0.0,0.0,2,31,rapid_release_burst;multiple_maintainers
pnglib,latest,0.267,low,0.0,0.0,0.3,0.0,0.3,0.0,0.1,3,1,single_maintainer;single_maintainer;no_dependencies
@signpdf/placeholder-pdf-lib,latest,0.3,low,0.0,0.0,0.3,0.0,0.3,0.0,0.0,2,1,single_maintainer;single_maintainer
@loki/integration-core,latest,0.267,low,0.0,0.0,0.3,0.0,0.3,0.0,0.1,3,1,single_maintainer;single_maintainer;no_dependencies
@loki/core,latest,0.3,low,0.0,0.0,0.3,0.0,0.3,0.0,0.0,2,1,single_maintainer;single_maintainer
json-difference,latest,0.375,low,0.0,0.7,0.3,0.0,0.3,0.0,0.1,4,1,rapid_release_burst;single_maintainer;single_maintainer;no_dependencies
@adobe/aio-lib-customer-profile,latest,0.0,low,0.0,0.0,0.0,0.0,0.0,0.0,0.0,1,31,multiple_maintainers
@loki/target-native-core,latest,0.3,low,0.0,0.0,0.3,0.0,0.3,0.0,0.0,2,1,single_maintainer;single_maintainer
electron-builder-lib,latest,0.466,low,0.0,0.61,0.3,0.0,0.3,0.0,0.7,4,1,rapid_release_burst;single_maintainer;single_maintainer;suspicious_dependency
@adobe/aio-lib-console,latest,0.249,low,0.0,0.58,0.0,0.0,0.0,0.0,0.0,2,31,rapid_release_burst;multiple_maintainers
jquery-deferred,latest,0.267,low,0.0,0.0,0.3,0.0,0.3,0.0,0.1,3,1,single_maintainer;single_maintainer;no_dependencies
ejs-include-regex,latest,0.267,low,0.0,0.0,0.3,0.0,0.3,0.0,0.1,3,1,single_maintainer;single_maintainer;no_dependencies
@adobe/aio-lib-ims-oauth,latest,0.486,low,0.0,0.742,0.6,0.0,0.0,0.0,0.7,5,31,dormancy_then_activity;rapid_release_burst;potential_new_maintainer_activity;multiple_maintainers;suspicious_dependency
@aleph-alpha/lib-auth,latest,0.536,medium,0.0,0.52,0.0,0.548,0.0,0.0,0.0,2,2,rapid_release_burst;sudden_size_increase
@loki/target-chrome-core,latest,0.354,low,0.0,0.49,0.3,0.0,0.3,0.0,0.0,3,1,rapid_release_burst;single_maintainer;single_maintainer
serverless-sentry-lib,latest,0.323,low,0.0,0.49,0.3,0.0,0.3,0.0,0.1,4,1,rapid_release_burst;single_maintainer;single_maintainer;no_dependencies
@redocly/theme,latest,0.518,medium,0.0,0.7,0.0,0.9,0.0,0.0,0.0,3,6,rapid_release_burst;sudden_size_increase;multiple_maintainers
@toastdotdev/lib,latest,0.0,unknown,0.0,0.0,0.0,0.0,0.0,0.0,0.0,0,2,
pdf-lib-incremental-save,latest,0.422,low,0.0,0.0,0.3,0.4,0.3,0.0,0.7,4,1,single_maintainer;abnormally_large_package;single_maintainer;suspicious_dependency
ergo-lib-wasm-nodejs,latest,0.464,low,0.0,0.7,0.0,0.4,0.0,0.0,0.1,3,2,rapid_release_burst;abnormally_large_package;no_dependencies
svelte-forms-lib,latest,0.814,high,0.0,0.7,0.0,0.9,0.0,0.0,0.0,2,2,rapid_release_burst;sudden_size_increase
parse-git-url,latest,0.395,low,0.0,0.0,0.0,0.9,0.0,0.0,0.1,3,6,sudden_size_increase;multiple_maintainers;no_dependencies
@edx/frontend-lib-special-exams,latest,0.21,low,0.0,0.49,0.0,0.0,0.0,0.0,0.0,2,4,rapid_release_burst;multiple_maintainers
@azure/swagger-validation-common,latest,0.36,low,0.0,0.49,0.0,0.0,0.0,0.0,0.1,2,2,rapid_release_burst;no_dependencies
@braintree/browser-detection,latest,0.3,low,0.0,0.0,0.3,0.0,0.3,0.0,0.0,2,1,single_maintainer;single_maintainer
@braintree/wrap-promise,latest,0.267,low,0.0,0.0,0.3,0.0,0.3,0.0,0.1,3,1,single_maintainer;single_maintainer;no_dependencies
@svar-ui/lib-dom,latest,0.38,low,0.0,0.0,0.0,0.0,0.5,0.0,0.1,2,2,new_package;no_dependencies
ripemd160-min,latest,0.338,low,0.0,0.55,0.3,0.0,0.3,0.0,0.1,4,1,rapid_release_burst;single_maintainer;single_maintainer;no_dependencies
amf-json-ld-lib,latest,0.543,medium,0.0,0.49,0.0,0.748,0.0,0.0,0.1,3,2,rapid_release_burst;sudden_size_increase;no_dependencies
hasodi-lib,latest,0.814,high,0.0,0.7,0.0,0.9,0.0,0.0,0.0,2,2,rapid_release_burst;sudden_size_increase
@types/adobe__aio-lib-analytics,latest,0.267,low,0.0,0.0,0.3,0.0,0.3,0.0,0.1,3,1,single_maintainer;single_maintainer;no_dependencies
@seidor-cloud-produtos/orbit-backend-lib,latest,0.543,medium,0.0,0.49,0.3,0.9,0.3,0.0,0.7,5,1,rapid_release_burst;single_maintainer;sudden_size_increase;single_maintainer;suspicious_dependency
@svar-ui/lib-svelte,latest,0.5,medium,0.0,0.0,0.0,0.0,0.5,0.0,0.0,1,2,new_package
@types/istanbul-lib-hook,latest,0.267,low,0.0,0.0,0.3,0.0,0.3,0.0,0.1,3,1,single_maintainer;single_maintainer;no_dependencies
@svar-ui/lib-state,latest,0.38,low,0.0,0.0,0.0,0.0,0.5,0.0,0.1,2,2,new_package;no_dependencies
@enonic-types/lib-portal,latest,0.49,low,0.0,0.49,0.0,0.0,0.0,0.0,0.0,1,2,rapid_release_burst
authy,latest,0.49,low,0.0,0.49,0.0,0.0,0.0,0.0,0.0,1,2,rapid_release_burst
@enonic-types/lib-auth,latest,0.49,low,0.0,0.49,0.0,0.0,0.0,0.0,0.0,1,2,rapid_release_burst
@enonic-types/lib-content,latest,0.49,low,0.0,0.49,0.0,0.0,0.0,0.0,0.0,1,2,rapid_release_burst
@enonic-types/lib-context,latest,0.49,low,0.0,0.49,0.0,0.0,0.0,0.0,0.0,1,2,rapid_release_burst
@webitel/ui-sdk,latest,0.326,low,0.0,0.7,0.0,0.4,0.0,0.0,0.0,3,4,rapid_release_burst;abnormally_large_package;multiple_maintainers
@enonic-types/lib-node,latest,0.49,low,0.0,0.49,0.0,0.0,0.0,0.0,0.0,1,2,rapid_release_burst
@guo514360255/antd-lib,latest,0.436,low,0.0,0.7,0.3,0.0,0.5,0.0,0.0,4,1,rapid_release_burst;single_maintainer;single_maintainer;new_package
hyper-cmd-lib-keys,latest,0.9,high,0.0,0.0,0.0,0.9,0.0,0.0,0.0,1,2,sudden_size_increase
validate-vat,latest,0.33,low,0.0,0.52,0.3,0.0,0.3,0.0,0.1,4,1,rapid_release_burst;single_maintainer;single_maintainer;no_dependencies
nypr-publisher-lib,latest,0.287,low,0.0,0.67,0.0,0.0,0.0,0.0,0.0,2,5,rapid_release_burst;multiple_maintainers
@enonic-types/lib-admin,latest,0.36,low,0.0,0.49,0.0,0.0,0.0,0.0,0.1,2,2,rapid_release_burst;no_dependencies
@enonic-types/lib-event,latest,0.36,low,0.0,0.49,0.0,0.0,0.0,0.0,0.1,2,2,rapid_release_burst;no_dependencies
vue-google-charts,latest,0.614,medium,0.0,0.49,0.0,0.9,0.0,0.0,0.1,3,2,rapid_release_burst;sudden_size_increase;no_dependencies
@enonic-types/lib-common,latest,0.36,low,0.0,0.49,0.0,0.0,0.0,0.0,0.1,2,2,rapid_release_burst;no_dependencies
nofs,latest,0.459,low,0.733,0.49,0.3,0.0,0.3,0.0,0.0,4,1,typosquat_detected;rapid_release_burst;single_maintainer;single_maintainer
@toastdotdev/lib-linux-x64-gnu,latest,0.1,low,0.0,0.0,0.0,0.0,0.0,0.0,0.1,1,2,no_dependencies
@squiz/db-lib,latest,0.469,low,0.0,0.52,0.0,0.9,0.0,0.0,0.0,3,76,rapid_release_burst;sudden_size_increase;multiple_maintainers
@enonic-types/lib-repo,latest,0.49,low,0.0,0.49,0.0,0.0,0.0,0.0,0.0,1,2,rapid_release_burst
@enonic-types/lib-io,latest,0.49,low,0.0,0.49,0.0,0.0,0.0,0.0,0.0,1,2,rapid_release_burst
@enonic-types/lib-websocket,latest,0.36,low,0.0,0.49,0.0,0.0,0.0,0.0,0.1,2,2,rapid_release_burst;no_dependencies
@enonic-types/lib-value,latest,0.49,low,0.0,0.49,0.0,0.0,0.0,0.0,0.0,1,2,rapid_release_burst
@enonic-types/lib-i18n,latest,0.49,low,0.0,0.49,0.0,0.0,0.0,0.0,0.0,1,2,rapid_release_burst
@enonic-types/lib-task,latest,0.49,low,0.0,0.49,0.0,0.0,0.0,0.0,0.0,1,2,rapid_release_burst
validate-vat-ts,latest,0.3,low,0.0,0.0,0.3,0.0,0.3,0.0,0.0,2,1,single_maintainer;single_maintainer
@auto-euro/ae-tools-lib,latest,0.501,medium,0.0,0.49,0.0,0.9,0.0,0.0,0.7,5,6,rapid_release_burst;sudden_size_increase;abnormally_large_package;multiple_maintainers;suspicious_dependency
@enonic-types/lib-cluster,latest,0.36,low,0.0,0.49,0.0,0.0,0.0,0.0,0.1,2,2,rapid_release_burst;no_dependencies
@bitgo-beta/utxo-ord,latest,0.41,low,0.0,0.61,0.3,0.0,0.3,0.0,0.0,4,1,rapid_release_burst;suspicious_version_number;single_maintainer;single_maintainer
@enonic-types/lib-scheduler,latest,0.49,low,0.0,0.49,0.0,0.0,0.0,0.0,0.0,1,2,rapid_release_burst
@enonic-types/lib-mail,latest,0.49,low,0.0,0.49,0.0,0.0,0.0,0.0,0.0,1,2,rapid_release_burst
@enonic-types/lib-grid,latest,0.49,low,0.0,0.49,0.0,0.0,0.0,0.0,0.0,1,2,rapid_release_burst
@overwolf/ow-app-builder-lib,latest,0.21,low,0.0,0.49,0.0,0.0,0.0,0.0,0.0,2,6,rapid_release_burst;multiple_maintainers
@robhan-cdk-lib/utils,latest,0.388,low,0.0,0.64,0.3,0.0,0.3,0.5,0.1,5,1,rapid_release_burst;single_maintainer;single_maintainer;unusual_release_hours;no_dependencies
@abtnode/logger,latest,0.223,low,0.0,0.52,0.0,0.0,0.0,0.0,0.0,2,3,rapid_release_burst;multiple_maintainers
@enonic-types/lib-export,latest,0.49,low,0.0,0.49,0.0,0.0,0.0,0.0,0.0,1,2,rapid_release_burst
@blackbaud/skyux-lib-addin-client,latest,0.354,low,0.0,0.49,0.3,0.0,0.3,0.0,0.0,3,1,rapid_release_burst;single_maintainer;single_maintainer
myrtex-lib,latest,0.385,low,0.0,0.7,0.0,0.533,0.0,0.0,0.0,3,5,rapid_release_burst;sudden_size_increase;multiple_maintainers
@actions/attest,latest,0.327,low,0.0,0.0,0.0,0.0,0.0,0.0,0.7,2,6,multiple_maintainers;suspicious_dependency
azure-pipelines-tool-lib,latest,0.21,low,0.0,0.49,0.0,0.0,0.0,0.0,0.0,2,7,rapid_release_burst;multiple_maintainers
@enonic-types/lib-project,latest,0.49,low,0.0,0.49,0.0,0.0,0.0,0.0,0.0,1,2,rapid_release_burst
zeelib,latest,0.436,low,0.0,0.8,0.3,0.0,0.3,0.0,0.1,5,1,dormancy_then_activity;rapid_release_burst;single_maintainer;single_maintainer;no_dependencies
@enonic-types/lib-app,latest,0.49,low,0.0,0.49,0.0,0.0,0.0,0.0,0.0,1,2,rapid_release_burst
@enonic-types/lib-schema,latest,0.49,low,0.0,0.49,0.0,0.0,0.0,0.0,0.0,1,2,rapid_release_burst
@paroicms/public-anywhere-lib,latest,0.49,low,0.0,0.49,0.0,0.0,0.0,0.0,0.0,1,2,rapid_release_burst
@enonic-types/lib-vhost,latest,0.36,low,0.0,0.49,0.0,0.0,0.0,0.0,0.1,2,2,rapid_release_burst;no_dependencies
@enonic-types/lib-auditlog,latest,0.49,low,0.0,0.49,0.0,0.0,0.0,0.0,0.0,1,2,rapid_release_burst
@paroicms/internal-anywhere-lib,latest,0.49,low,0.0,0.49,0.0,0.0,0.0,0.0,0.0,1,2,rapid_release_burst
@toastdotdev/lib-darwin-arm64,latest,0.1,low,0.0,0.0,0.0,0.0,0.0,0.0,0.1,1,2,no_dependencies
js-file-downloader,latest,0.323,low,0.0,0.49,0.3,0.0,0.3,0.0,0.1,4,1,rapid_release_burst;single_maintainer;single_maintainer;no_dependencies
rgbquant,latest,0.267,low,0.0,0.0,0.3,0.0,0.3,0.0,0.1,3,1,single_maintainer;single_maintainer;no_dependencies
baconjs,latest,0.191,low,0.0,0.49,0.0,0.0,0.0,0.0,0.1,3,3,rapid_release_burst;multiple_maintainers;no_dependencies
@nordcraft/std-lib,latest,0.52,medium,0.0,0.52,0.0,0.0,0.0,0.0,0.0,1,2,rapid_release_burst
@steedos/filters,latest,0.395,low,0.0,0.55,0.0,0.673,0.0,0.0,0.0,3,5,rapid_release_burst;sudden_size_increase;multiple_maintainers
react-native-country-codes-picker,latest,0.323,low,0.0,0.49,0.3,0.0,0.3,0.0,0.1,4,1,rapid_release_burst;single_maintainer;single_maintainer;no_dependencies
@visactor/vchart,latest,0.288,low,0.0,0.58,0.0,0.4,0.0,0.0,0.0,3,16,rapid_release_burst;abnormally_large_package;multiple_maintainers
redux-act,latest,0.323,low,0.0,0.49,0.3,0.0,0.3,0.0,0.1,4,1,rapid_release_burst;single_maintainer;single_maintainer;no_dependencies
@toastdotdev/lib-darwin-x64,latest,0.1,low,0.0,0.0,0.0,0.0,0.0,0.0,0.1,1,2,no_dependencies
@capibox/bridge-browser,latest,0.391,low,0.0,0.49,0.3,0.0,0.5,0.0,0.0,4,1,rapid_release_burst;single_maintainer;single_maintainer;new_package
list-to-array,latest,0.267,low,0.0,0.0,0.3,0.0,0.3,0.0,0.1,3,1,single_maintainer;single_maintainer;no_dependencies
@studiokloek/ts-core-lib,latest,0.486,low,0.0,0.7,0.3,0.0,0.3,0.0,0.7,4,1,rapid_release_burst;single_maintainer;single_maintainer;suspicious_dependency
@hernas/app-builder-lib,latest,0.61,medium,0.0,0.61,0.0,0.0,0.0,0.0,0.0,1,2,rapid_release_burst
@toastdotdev/lib-win32-x64-msvc,latest,0.1,low,0.0,0.0,0.0,0.0,0.0,0.0,0.1,1,2,no_dependencies
@contrast/agent-lib,latest,0.26,low,0.0,0.49,0.0,0.4,0.0,0.0,0.0,3,7,rapid_release_burst;abnormally_large_package;multiple_maintainers
babel-plugin-transform-imports,latest,0.371,low,0.0,0.55,0.3,0.0,0.3,0.0,0.0,3,1,rapid_release_burst;single_maintainer;single_maintainer
slide,latest,0.267,low,0.0,0.0,0.3,0.0,0.3,0.0,0.1,3,1,single_maintainer;single_maintainer;no_dependencies
@antv/s2,latest,0.369,low,0.5,0.52,0.0,0.506,0.0,0.0,0.0,5,72,suspicious_random_name;rapid_release_burst;sudden_size_increase;abnormally_large_package;multiple_maintainers
jquery-datepicker,latest,0.323,low,0.0,0.49,0.3,0.0,0.3,0.0,0.1,4,1,rapid_release_burst;single_maintainer;single_maintainer;no_dependencies
simple-drawing-board,latest,0.352,low,0.0,0.61,0.3,0.0,0.3,0.0,0.1,4,1,rapid_release_burst;single_maintainer;single_maintainer;no_dependencies
@blocklet/launcher-ux,latest,0.7,medium,0.0,0.7,0.0,0.0,0.0,0.0,0.0,1,2,rapid_release_burst
@liveauctioneers/api-test-lib,latest,0.408,low,0.0,0.61,0.0,0.0,0.0,0.0,0.7,3,77,rapid_release_burst;multiple_maintainers;suspicious_dependency
node-key-sender,latest,0.254,low,0.0,0.67,0.0,0.0,0.0,0.0,0.1,3,3,rapid_release_burst;multiple_maintainers;no_dependencies
@aws-cdk/aws-apigatewayv2-alpha,latest,0.38,low,0.0,0.52,0.0,0.0,0.0,0.0,0.1,2,2,rapid_release_burst;no_dependencies
hans-ui-design-lib,latest,0.403,low,0.0,0.7,0.3,0.4,0.5,0.0,0.1,6,1,rapid_release_burst;single_maintainer;abnormally_large_package;single_maintainer;new_package;no_dependencies
@types/bitcore-lib-cash,latest,0.3,low,0.0,0.0,0.3,0.0,0.3,0.0,0.0,2,1,single_maintainer;single_maintainer
@steedos/client,latest,0.223,low,0.0,0.52,0.0,0.0,0.0,0.0,0.0,2,5,rapid_release_burst;multiple_maintainers
wx-lib-dom,latest,0.462,low,0.0,0.0,0.3,0.9,0.3,0.0,0.1,4,1,single_maintainer;sudden_size_increase;single_maintainer;no_dependencies
jqueryify,latest,0.38,low,0.0,0.52,0.0,0.0,0.0,0.0,0.1,2,2,rapid_release_burst;no_dependencies
jquery.tmpl,latest,0.3,low,0.0,0.0,0.3,0.0,0.3,0.0,0.0,2,1,single_maintainer;single_maintainer
istanbul-lib-report,latest,0.223,low,0.0,0.52,0.0,0.0,0.0,0.0,0.0,2,4,rapid_release_burst;multiple_maintainers
@capibox/bridge-server,latest,0.447,low,0.0,0.55,0.3,0.597,0.5,0.0,0.0,5,1,rapid_release_burst;single_maintainer;sudden_size_increase;single_maintainer;new_package
@bchr/bchr-front-lib,latest,0.414,low,0.0,0.7,0.3,0.0,0.3,0.0,0.0,3,1,rapid_release_burst;single_maintainer;single_maintainer
@asseinfo/react-kanban,latest,0.0,low,0.0,0.0,0.0,0.0,0.0,0.0,0.0,1,6,multiple_maintainers
@enonic-types/lib-react4xp,latest,0.724,medium,0.0,0.49,0.0,0.9,0.0,0.0,0.0,2,2,rapid_release_burst;sudden_size_increase
@bitgo/utxo-ord,latest,0.354,low,0.0,0.49,0.3,0.0,0.3,0.0,0.0,3,1,rapid_release_burst;single_maintainer;single_maintainer
@types/react-native-pdf-lib,latest,0.267,low,0.0,0.0,0.3,0.0,0.3,0.0,0.1,3,1,single_maintainer;single_maintainer;no_dependencies
@automattic/tour-kit,latest,0.327,low,0.0,0.0,0.0,0.0,0.0,0.0,0.7,2,52,multiple_maintainers;suspicious_dependency
appbase-js,latest,0.223,low,0.0,0.52,0.0,0.0,0.0,0.0,0.0,2,7,rapid_release_burst;multiple_maintainers
@arcblock/did,latest,0.21,low,0.0,0.49,0.0,0.0,0.0,0.0,0.0,2,4,rapid_release_burst;multiple_maintainers
cordova-serve,latest,0.459,low,0.0,0.8,0.0,0.0,0.0,0.0,0.0,4,16,dormancy_then_activity;rapid_release_burst;suspicious_version_number;multiple_maintainers
@mitech-cloud/mi-lib,latest,0.531,medium,0.0,0.712,0.3,0.0,0.3,0.0,0.7,5,1,dormancy_then_activity;rapid_release_burst;single_maintainer;single_maintainer;suspicious_dependency
sodium,latest,0.389,low,0.0,0.61,0.3,0.0,0.3,0.0,0.0,3,1,rapid_release_burst;single_maintainer;single_maintainer
@adobe/aio-cli-lib-app-config,latest,0.486,low,0.0,0.744,0.6,0.0,0.0,0.0,0.7,5,31,dormancy_then_activity;rapid_release_burst;potential_new_maintainer_activity;multiple_maintainers;suspicious_dependency
@stich_47/api-lib,latest,0.403,low,0.0,0.7,0.3,0.0,0.5,0.0,0.1,5,1,rapid_release_burst;single_maintainer;single_maintainer;new_package;no_dependencies
miniapp-builder-shared,latest,0.505,medium,0.0,0.49,0.3,0.9,0.3,0.0,0.0,4,1,rapid_release_burst;single_maintainer;sudden_size_increase;single_maintainer
@toptal/davinci-skeleton-lib,latest,0.33,low,0.0,0.52,0.3,0.0,0.3,0.0,0.1,4,1,rapid_release_burst;single_maintainer;single_maintainer;no_dependencies
cozy-mespapiers-lib,latest,0.442,low,0.0,0.7,0.3,0.513,0.3,0.0,0.0,4,1,rapid_release_burst;single_maintainer;sudden_size_increase;single_maintainer
@btielen/pdf-lib-fontkit,latest,0.427,low,0.0,0.0,0.3,0.0,0.3,0.0,0.7,3,1,single_maintainer;single_maintainer;suspicious_dependency
@hmcts/rpx-xui-common-lib,latest,0.261,low,0.0,0.61,0.0,0.0,0.0,0.0,0.0,2,5,rapid_release_burst;multiple_maintainers
@spartez-software/test-utils,latest,0.433,low,0.0,0.7,0.0,0.0,0.0,0.0,0.7,3,14,rapid_release_burst;multiple_maintainers;suspicious_dependency
wx-lib-svelte,latest,0.462,low,0.0,0.0,0.3,0.9,0.3,0.0,0.1,4,1,single_maintainer;sudden_size_increase;single_maintainer;no_dependencies
wx-lib-state,latest,0.267,low,0.0,0.0,0.3,0.0,0.3,0.0,0.1,3,1,single_maintainer;single_maintainer;no_dependencies
@doodle3d/clipper-js,latest,0.52,medium,0.0,0.52,0.0,0.0,0.0,0.0,0.0,1,2,rapid_release_burst
@item-enonic-types/lib-http-client,latest,0.3,low,0.0,0.0,0.3,0.0,0.3,0.0,0.0,2,1,single_maintainer;single_maintainer
@ocap/mcrypto,latest,0.236,low,0.0,0.55,0.0,0.0,0.0,0.0,0.0,2,3,rapid_release_burst;multiple_maintainers
trading-vue-js,latest,0.536,medium,0.0,0.64,0.3,0.9,0.3,0.0,0.0,4,1,rapid_release_burst;single_maintainer;sudden_size_increase;single_maintainer
microjob,latest,0.478,low,0.0,0.55,0.3,0.9,0.3,0.0,0.1,5,1,rapid_release_burst;single_maintainer;sudden_size_increase;single_maintainer;no_dependencies
dom-helper,latest,0.267,low,0.0,0.0,0.3,0.0,0.3,0.0,0.1,3,1,single_maintainer;single_maintainer;no_dependencies
zapier-platform-json-schema,latest,0.338,low,0.0,0.55,0.3,0.0,0.3,0.0,0.1,4,1,rapid_release_burst;single_maintainer;single_maintainer;no_dependencies
@blocklet/crawler,latest,0.7,medium,0.0,0.7,0.0,0.0,0.0,0.0,0.0,1,2,rapid_release_burst
react-chartjs,latest,0.21,low,0.0,0.49,0.0,0.0,0.0,0.0,0.0,2,6,rapid_release_burst;multiple_maintainers
keymirror,latest,0.267,low,0.0,0.0,0.3,0.0,0.3,0.0,0.1,3,1,single_maintainer;single_maintainer;no_dependencies
@svar-ui/lib-react,latest,0.5,medium,0.0,0.0,0.0,0.0,0.5,0.0,0.0,1,2,new_package
light-fsm-lib,latest,0.39,low,0.0,0.52,0.3,0.0,0.5,0.5,0.1,6,1,rapid_release_burst;single_maintainer;single_maintainer;new_package;unusual_release_hours;no_dependencies
@ds-systems/ds-ui-lib,latest,0.701,medium,0.0,0.67,0.0,0.9,0.5,0.0,0.0,3,2,rapid_release_burst;sudden_size_increase;new_package
@tiendanube/react-experiments,latest,0.38,low,0.0,0.58,0.3,0.0,0.3,0.0,0.0,3,1,rapid_release_burst;single_maintainer;single_maintainer
ergo-lib-wasm-browser,latest,0.464,low,0.0,0.7,0.0,0.4,0.0,0.0,0.1,3,2,rapid_release_burst;abnormally_large_package;no_dependencies
nanoajax,latest,0.323,low,0.0,0.49,0.3,0.0,0.3,0.0,0.1,4,1,rapid_release_burst;single_maintainer;single_maintainer;no_dependencies
auth-lib,latest,0.267,low,0.0,0.0,0.3,0.0,0.3,0.0,0.1,3,1,single_maintainer;single_maintainer;no_dependencies
poline,latest,0.448,low,0.0,0.8,0.3,0.0,0.3,0.0,0.1,5,1,dormancy_then_activity;rapid_release_burst;single_maintainer;single_maintainer;no_dependencies
@openhealth/oht-custom-parser-lib,latest,0.494,low,0.0,0.61,0.0,0.9,0.0,0.0,0.0,3,4,rapid_release_burst;sudden_size_increase;multiple_maintainers
pdf-lib,latest,0.543,medium,0.0,0.61,0.3,0.9,0.3,0.0,0.7,6,1,rapid_release_burst;single_maintainer;sudden_size_increase;abnormally_large_package;single_maintainer;suspicious_dependency
@spartez-software/jira-test,latest,0.424,low,0.0,0.55,0.0,0.514,0.0,0.0,0.7,4,14,rapid_release_burst;sudden_size_increase;multiple_maintainers;suspicious_dependency
modal-box,latest,0.191,low,0.0,0.49,0.0,0.0,0.0,0.0,0.1,3,5,rapid_release_burst;multiple_maintainers;no_dependencies
grape,latest,0.406,low,0.0,0.67,0.3,0.0,0.3,0.0,0.0,3,1,rapid_release_burst;single_maintainer;single_maintainer
@rxdrag/website-lib,latest,0.53,medium,0.0,0.61,0.3,0.9,0.3,0.0,0.0,4,1,rapid_release_burst;single_maintainer;sudden_size_increase;single_maintainer
istanbul-lib-coverage,latest,0.212,low,0.0,0.55,0.0,0.0,0.0,0.0,0.1,3,4,rapid_release_burst;multiple_maintainers;no_dependencies
@xyo-network/express-node-lib,latest,0.3,low,0.0,0.7,0.0,0.0,0.0,0.0,0.0,2,5,rapid_release_burst;multiple_maintainers
webphone-lib,latest,0.354,low,0.0,0.49,0.3,0.0,0.3,0.0,0.0,3,1,rapid_release_burst;single_maintainer;single_maintainer
@arcblock/vc,latest,0.21,low,0.0,0.49,0.0,0.0,0.0,0.0,0.0,2,4,rapid_release_burst;multiple_maintainers
better-xlsx,latest,0.3,low,0.0,0.0,0.3,0.0,0.3,0.0,0.0,2,1,single_maintainer;single_maintainer
@rym-lib/uri,latest,0.352,low,0.0,0.61,0.3,0.0,0.3,0.0,0.1,4,1,rapid_release_burst;single_maintainer;single_maintainer;no_dependencies
react-native-game-services,latest,0.403,low,0.0,0.7,0.3,0.0,0.5,0.0,0.1,5,1,rapid_release_burst;single_maintainer;single_maintainer;new_package;no_dependencies
@cg-devcenter/jsb,latest,0.327,low,0.0,0.0,0.0,0.0,0.0,0.0,0.7,2,3,multiple_maintainers;suspicious_dependency
azu-pck-ts,latest,0.479,low,0.0,0.67,0.3,0.0,0.3,0.0,0.7,4,1,rapid_release_burst;single_maintainer;single_maintainer;suspicious_dependency
create-lib,latest,0.3,low,0.0,0.0,0.3,0.0,0.3,0.0,0.0,2,1,single_maintainer;single_maintainer
hel-lib-proxy,latest,0.389,low,0.0,0.61,0.3,0.0,0.3,0.0,0.0,3,1,rapid_release_burst;single_maintainer;single_maintainer
eccodes-data-grib2,latest,0.267,low,0.0,0.0,0.3,0.0,0.3,0.0,0.1,3,1,single_maintainer;single_maintainer;no_dependencies
index-require,latest,0.323,low,0.0,0.49,0.3,0.0,0.3,0.0,0.1,4,1,rapid_release_burst;single_maintainer;single_maintainer;no_dependencies
lz-header-lib,latest,0.384,low,0.0,0.58,0.3,0.4,0.3,0.0,0.0,4,1,rapid_release_burst;single_maintainer;abnormally_large_package;single_maintainer
topcoder-react-lib,latest,0.447,low,0.0,0.52,0.3,0.0,0.3,0.0,0.7,4,1,rapid_release_burst;single_maintainer;single_maintainer;suspicious_dependency
traverser,latest,0.3,low,0.0,0.0,0.3,0.0,0.3,0.0,0.0,2,1,single_maintainer;single_maintainer
qwep-kit,latest,0.403,low,0.0,0.7,0.3,0.0,0.5,0.0,0.1,5,1,rapid_release_burst;single_maintainer;single_maintainer;new_package;no_dependencies
splunk-events,latest,0.201,low,0.0,0.52,0.0,0.0,0.0,0.0,0.1,3,77,rapid_release_burst;multiple_maintainers;no_dependencies
istanbul-lib-source-maps,latest,0.261,low,0.0,0.61,0.0,0.0,0.0,0.0,0.0,2,4,rapid_release_burst;multiple_maintainers
when-jest,latest,0.267,low,0.0,0.0,0.3,0.0,0.3,0.0,0.1,3,1,single_maintainer;single_maintainer;no_dependencies
@adobe/aio-lib-test-proxy,latest,0.21,low,0.0,0.49,0.0,0.0,0.0,0.0,0.0,2,31,rapid_release_burst;multiple_maintainers
@here-wallet/core,latest,0.515,medium,0.0,0.52,0.3,0.754,0.3,0.0,0.7,5,1,rapid_release_burst;single_maintainer;sudden_size_increase;single_maintainer;suspicious_dependency
@signatu/lib,latest,0.354,low,0.0,0.49,0.3,0.0,0.3,0.0,0.0,3,1,rapid_release_burst;single_maintainer;single_maintainer
@aws-cdk/aws-apigatewayv2-integrations-alpha,latest,0.38,low,0.0,0.52,0.0,0.0,0.0,0.0,0.1,2,2,rapid_release_burst;no_dependencies
pdf-lib-draw-table-beta,latest,0.352,low,0.0,0.61,0.3,0.0,0.3,0.0,0.1,4,1,rapid_release_burst;single_maintainer;single_maintainer;no_dependencies
browser-type-check,latest,0.33,low,0.0,0.52,0.3,0.0,0.3,0.0,0.1,4,1,rapid_release_burst;single_maintainer;single_maintainer;no_dependencies
@manifoldxyz/service-client-lib,latest,0.249,low,0.0,0.58,0.0,0.0,0.0,0.0,0.0,2,8,rapid_release_burst;multiple_maintainers
@inh-lib/common,latest,0.498,low,0.0,0.8,0.3,0.0,0.3,0.0,0.0,4,1,dormancy_then_activity;rapid_release_burst;single_maintainer;single_maintainer
svelte-virtual-scroll-list,latest,0.432,low,0.0,0.67,0.3,0.626,0.3,0.0,0.1,5,1,rapid_release_burst;single_maintainer;sudden_size_increase;single_maintainer;no_dependencies
@ionic-enterprise/cordova-lib,latest,0.327,low,0.0,0.0,0.0,0.0,0.0,0.0,0.7,2,27,multiple_maintainers;suspicious_dependency
insert-text-at-cursor,latest,0.267,low,0.0,0.0,0.3,0.0,0.3,0.0,0.1,3,1,single_maintainer;single_maintainer;no_dependencies
@item-enonic-types/lib-time,latest,0.397,low,0.0,0.0,0.3,0.578,0.3,0.0,0.0,3,1,single_maintainer;sudden_size_increase;single_maintainer
@naiheyoung/color,latest,0.403,low,0.0,0.7,0.3,0.0,0.5,0.0,0.1,5,1,rapid_release_burst;single_maintainer;single_maintainer;new_package;no_dependencies
enzyme-drivers,latest,0.36,low,0.0,0.7,0.0,0.0,0.0,0.5,0.0,3,11,rapid_release_burst;multiple_maintainers;unusual_release_hours
af-mobile-client-vue3,latest,0.427,low,0.0,0.7,0.0,0.4,0.0,0.0,0.7,4,10,rapid_release_burst;abnormally_large_package;multiple_maintainers;suspicious_dependency
clipper-js,latest,0.3,low,0.0,0.0,0.3,0.0,0.3,0.0,0.0,2,1,single_maintainer;single_maintainer
eslint,latest,0.617,medium,0.0,0.52,0.0,0.0,0.0,0.0,0.7,2,2,rapid_release_burst;suspicious_dependency
@typescript-eslint/eslint-plugin,latest,0.7,medium,0.0,0.7,0.0,0.0,0.0,0.0,0.0,1,2,rapid_release_burst
@eslint-community/eslint-utils,latest,0.58,medium,0.0,0.58,0.0,0.0,0.0,0.0,0.0,1,2,rapid_release_burst
eslint-scope,latest,0.8,medium,0.0,0.8,0.0,0.0,0.0,0.0,0.0,1,2,dormancy_then_activity
eslint-utils,latest,0.363,low,0.0,0.52,0.3,0.0,0.3,0.0,0.0,3,1,rapid_release_burst;single_maintainer;single_maintainer
@typescript-eslint/scope-manager,latest,0.61,medium,0.0,0.61,0.0,0.0,0.0,0.0,0.0,1,2,rapid_release_burst
@eslint/core,latest,0.0,unknown,0.0,0.0,0.0,0.0,0.0,0.0,0.0,0,2,
eslint-plugin-eslint-comments,latest,0.354,low,0.0,0.49,0.3,0.0,0.3,0.0,0.0,3,1,rapid_release_burst;single_maintainer;single_maintainer
@types/eslint,latest,0.511,medium,0.0,0.52,0.3,0.9,0.3,0.0,0.0,4,1,rapid_release_burst;single_maintainer;sudden_size_increase;single_maintainer
@typescript-eslint/utils,latest,0.7,medium,0.0,0.7,0.0,0.0,0.0,0.0,0.0,1,2,rapid_release_burst
@eslint/plugin-kit,latest,0.7,medium,0.0,0.0,0.0,0.0,0.0,0.0,0.7,1,2,suspicious_dependency
eslint-plugin-jest,latest,0.21,low,0.0,0.49,0.0,0.0,0.0,0.0,0.0,2,9,rapid_release_burst;multiple_maintainers
eslint-plugin-react,latest,0.49,low,0.0,0.49,0.0,0.0,0.0,0.0,0.0,1,2,rapid_release_burst
@eslint/eslintrc,latest,0.639,medium,0.0,0.706,0.6,0.0,0.0,0.0,0.7,4,2,dormancy_then_activity;rapid_release_burst;potential_new_maintainer_activity;suspicious_dependency
eslint-plugin-react-hooks,latest,0.441,low,0.0,0.49,0.3,0.0,0.3,0.0,0.7,4,1,rapid_release_burst;single_maintainer;single_maintainer;suspicious_dependency
@eslint/config-helpers,latest,0.0,unknown,0.0,0.0,0.0,0.0,0.0,0.0,0.0,0,2,
@typescript-eslint/parser,latest,0.7,medium,0.0,0.7,0.0,0.0,0.0,0.0,0.0,1,2,rapid_release_burst
@eslint-community/eslint-plugin-eslint-comments,latest,0.49,low,0.0,0.49,0.0,0.0,0.0,0.0,0.0,1,2,rapid_release_burst
