Package_Name,Dynamic_Prob,Dynamic_Risk_Level,Static_Prob,Static_Risk_Level
api,0.2237,LOW,0,LOW
node-addon-api,0.0634,LOW,0.05077,LOW
@opentelemetry/api,0.0325,LOW,0.03191,LOW
@opentelemetry/api-logs,0.0325,LOW,0.01932,LOW
@webassemblyjs/helper-api-error,0.0325,LOW,0.01385,LOW
@storybook/api,0.0325,LOW,0.05077,LOW
@storybook/client-api,0.0325,LOW,0.05077,LOW
@vue/devtools-api,0.0325,LOW,0.05077,LOW
@memlab/api,0.04,LOW,0.00076,LOW
@walletconnect/relay-api,0.0325,LOW,0.05107,MEDIUM
ts-api-utils,0.0325,LOW,0.01254,LOW
@slack/web-api,0.0325,LOW,0.00444,LOW
micro-api-client,0.0325,LOW,0.00898,LOW
@react-google-maps/api,0.0325,LOW,0.16776,MEDIUM
@hubspot/api-client,0.0325,LOW,0.01391,LOW
@types/connect-history-api-fallback,0.0325,LOW,0.05077,LOW
@storybook/manager-api,0.2237,LOW,0.01385,LOW
@aws-amplify/api,0.0325,LOW,0.04136,LOW
safe-buffer,0.0325,LOW,0.05043,LOW
@netlify/api,0.0325,LOW,0.02664,LOW
@netlify/open-api,0.0325,LOW,0.00423,LOW
broccoli-node-api,0.0325,LOW,0,LOW
node-api-headers,0.0325,LOW,0.05077,LOW
@verdaccio/commons-api,0.0325,LOW,0.05077,LOW
node-telegram-bot-api,0.0325,LOW,0,LOW
@tauri-apps/api,0.0325,LOW,0.04057,LOW
@mondaydotcomorg/api,0.0325,LOW,0.19958,MEDIUM
testcafe-legacy-api,0.0325,LOW,0.07669,MEDIUM
@polkadot/api-augment,0.0325,LOW,0.01482,LOW
@metamask/keyring-api,0.0325,LOW,0.0508,LOW
@netlify/serverless-functions-api,0.0325,LOW,0.01424,LOW
@lokalise/node-api,0.0325,LOW,0.05295,MEDIUM
@microsoft/teamsfx-api,0.0325,LOW,0.06329,MEDIUM
npm-api,0.0325,LOW,0.00002,LOW
@aws-amplify/api-graphql,0.0325,LOW,0.10976,MEDIUM
vue-hot-reload-api,0.0634,LOW,0.0277,LOW
@logion/node-api,0.0325,LOW,0.0514,MEDIUM
@webcontainer/api,0.0325,LOW,0.03671,LOW
stripe,0.0325,LOW,0.00003,LOW
@aws-amplify/api-rest,0.0325,LOW,0.05022,LOW
@microsoft/api-extractor,0.0325,LOW,0.05097,LOW
@dataform/core,0.0325,LOW,0.0207,LOW
@crowdin/crowdin-api-client,0.0325,LOW,0,LOW
@metamask/account-api,0.0325,LOW,0.05077,LOW
buffer,0.0325,LOW,0.04323,LOW
dogapi,0.0325,LOW,0.00003,LOW
safer-buffer,0.0325,LOW,0,LOW
@request/api,0.0325,LOW,0.05077,LOW
json-api-normalizer,0.2237,LOW,0.05077,LOW
@swagger-api/apidom-ns-api-design-systems,0.2237,LOW,0.06449,MEDIUM
node-docker-api,0.0325,LOW,0.1027,MEDIUM
cypress-plugin-api,0.12,LOW,0.13526,MEDIUM
u2f-api,0.0325,LOW,0.0656,MEDIUM
@argos-ci/api-client,0.0325,LOW,0.03405,LOW
@neondatabase/api-client,0.0325,LOW,0.02162,LOW
@alwaysmeticulous/api,0.0325,LOW,0.08969,MEDIUM
@scalar/api-client,0.344,MEDIUM,0.15279,MEDIUM
shopify-api-node,0.0325,LOW,0,LOW
@giphy/js-fetch-api,0.0325,LOW,0.0256,LOW
@gitbeaker/core,0.0325,LOW,0.42518,HIGH
@liff/server-api,0.0325,LOW,0,LOW
reflect-metadata,0.0325,LOW,0.00114,LOW
@metamask/keyring-internal-api,0.0325,LOW,0.05077,LOW
@wordpress/api-fetch,0.0325,LOW,0.01074,LOW
smartling-api-sdk-nodejs,0.0325,LOW,0.01292,LOW
@testmo/testmo-api,0.0325,LOW,0.01015,LOW
@forge/api,0.0325,LOW,0.04677,LOW
@inquirer/core,0.0325,LOW,0.04891,LOW
@backstage/backend-plugin-api,0.0325,LOW,0.01893,LOW
@turnkey/api-key-stamper,0.0325,LOW,0.0016,LOW
connect-history-api-fallback,0.0325,LOW,0.05077,LOW
api-contract-validator,0.0325,LOW,0.00073,LOW
@onfido/api,0.0634,LOW,0.01305,LOW
@medusajs/api-key,0.0634,LOW,0.05077,LOW
@storybook/core,0.2237,LOW,0,LOW
@moralisweb3/aptos-api,0.0325,LOW,0.00323,LOW
json-api-serializer,0.0325,LOW,0.00162,LOW
@moralisweb3/sol-api,0.0325,LOW,0,LOW
@octokit/rest,0.0325,LOW,0.01385,LOW
web3,0.0325,LOW,0.27361,HIGH
discord-api-types,0.0325,LOW,0,LOW
@mocks-server/admin-api-paths,0.0325,LOW,0.05077,LOW
@emotion/styled,0.0325,LOW,0.14558,MEDIUM
@bull-board/api,0.0325,LOW,0.05582,MEDIUM
@twilio-labs/serverless-api,0.0325,LOW,0.01113,LOW
n8n-nodes-evolution-api,0.2441,LOW,0.04722,HIGH
@octokit/endpoint,0.0325,LOW,0.01309,LOW
urlpattern-polyfill,0.0325,LOW,0.01097,LOW
@scalar/nextjs-api-reference,0.2441,LOW,0.04862,LOW
@microsoft/api-extractor-model,0.0325,LOW,0.05147,MEDIUM
nwsapi,0.0325,LOW,0.04972,LOW
jest-mock,0.0325,LOW,0.01384,LOW
@metamask/multichain-api-client,0.0325,LOW,0.05607,MEDIUM
@salesforce/plugin-api,0.0325,LOW,0.01185,LOW
figma-api,0.0325,LOW,0.00044,LOW
@figma/rest-api-spec,0.0325,LOW,0.01638,LOW
@backstage/backend-app-api,0.0325,LOW,0.05081,LOW
@swagger-api/apidom-parser-adapter-api-design-systems-json,0.2441,LOW,0.07507,MEDIUM
@nuxtjs/composition-api,0.0662,LOW,0.00067,LOW
callsites,0.0325,LOW,0.05077,LOW
google-ads-api,0.2237,LOW,0.00002,LOW
@liff/is-api-available,0.0634,LOW,0.05077,LOW
@antv/g-camera-api,0.0325,LOW,0.0725,MEDIUM
@backstage/core-plugin-api,0.0325,LOW,0.0541,MEDIUM
tailwind-api-utils,0.0325,LOW,0.05077,LOW
qase-api-client,0.0325,LOW,0.00001,LOW
@aws-sdk/middleware-sdk-api-gateway,0.0325,LOW,0.05097,LOW
@redocly/respect-core,0.0325,LOW,0.0144,LOW
gettyimages-api,0.0325,LOW,0.03449,LOW
github-api,0.0634,LOW,0.0041,LOW
google-gax,0.344,MEDIUM,0.03108,LOW
@aws-amplify/amplify-category-api,0.7244,MEDIUM,0,LOW
redux-api-middleware,0.0325,LOW,0,LOW
@transifex/api,0.2237,LOW,0.20766,MEDIUM
klaviyo-api,0.0325,LOW,0,LOW
@swagger-api/apidom-parser-adapter-api-design-systems-yaml,0.2441,LOW,0.07746,MEDIUM
@storybook/core-client,0.0325,LOW,0.05077,LOW
@octokit/auth-token,0.0634,LOW,0.01385,LOW
node-api-version,0.0634,LOW,0.00848,LOW
fullscreen-api-polyfill,0.0325,LOW,0.01286,LOW
@node-red/editor-api,0.0325,LOW,0.00003,LOW
swagger-typescript-api,0.0325,LOW,0.05241,MEDIUM
dockerode,0.008,LOW,0.04674,LOW
launchdarkly-api-typescript,0.0325,LOW,0.00096,LOW
@logto/api,0.0325,LOW,0.05128,MEDIUM
memfs,0.0325,LOW,0.00819,LOW
@base44/sdk,0.0325,LOW,0.04836,LOW
confluence-api,0.0325,LOW,0.04795,LOW
playwright,0.0325,LOW,0.00033,LOW
@tryghost/content-api,0.0325,LOW,0.0418,LOW
@scalar/api-reference,0.2237,LOW,0.05347,MEDIUM
@sendgrid/client,0.0325,LOW,0.01462,LOW
@vscode/copilot-api,0.0325,LOW,0,LOW
@npmcli/package-json,0.0325,LOW,0.02953,LOW
api-spec-converter,0.2237,LOW,0.96358,HIGH
hxz-api,0.0325,LOW,0,LOW
@microsoft/api-documenter,0.0325,LOW,0.05094,LOW
matrix-widget-api,0.0325,LOW,0.07046,MEDIUM
@shopify/shopify-api,0.0325,LOW,0,LOW
@google-cloud/run,0.2237,LOW,0.01308,LOW
@unkey/api,0.0325,LOW,0.51673,HIGH
csv-parse,0.0325,LOW,0.05258,MEDIUM
@octokit/graphql,0.0325,LOW,0.01301,LOW
@adyen/api-library,0.0325,LOW,0,LOW
@backstage/core-app-api,0.0325,LOW,0.05314,MEDIUM
spotify-web-api-node,0.0634,LOW,0.01114,LOW
@tableau/embedding-api,0.0325,LOW,0.01409,LOW
@stryker-mutator/api,0.0325,LOW,0.04913,LOW
api-elements,0.0325,LOW,0.05077,LOW
youtube-player,0.0325,LOW,0.0224,LOW
@mollie/api-client,0.0325,LOW,0,LOW
@cubejs-backend/api-gateway,0.3508,MEDIUM,0.03021,LOW
@scalar/api-reference-react,0.2237,LOW,0.05077,LOW
@playwright/test,0.0325,LOW,0.01638,LOW
@vitalets/google-translate-api,0.0325,LOW,0.00005,LOW
@codingame/monaco-vscode-api,0.0325,LOW,0,LOW
@octokit/plugin-paginate-rest,0.0325,LOW,0,LOW
@aws-sdk/client-api-gateway,0.0325,LOW,0.05816,MEDIUM
node-parse-api,0.0634,LOW,0.00012,LOW
@react-google-maps/infobox,0.0634,LOW,0.17863,MEDIUM
emoji-api,0.0325,LOW,0.07248,MEDIUM
onnxruntime-common,0.0325,LOW,0.00612,LOW
uncrypto,0.0325,LOW,0.05077,LOW
qase-api-v2-client,0.0325,LOW,0,LOW
node-fetch,0.0325,LOW,0.00766,LOW
near-api-js,0.2441,LOW,0.04791,LOW
@thoughtspot/rest-api-sdk,0.0325,LOW,0,LOW
@prismicio/api-renderer,0.0325,LOW,0.0125,LOW
whatwg-url,0.0325,LOW,0.00659,LOW
@shopware/api-client,0.0325,LOW,0.05084,LOW
@tarojs/api,0.0325,LOW,0.05077,LOW
@types/apple-signin-api,0.0325,LOW,0,LOW
amazon-sp-api,0.0325,LOW,0.065,MEDIUM
@mongosh/shell-api,0.0634,LOW,0.08572,MEDIUM
rfg-api,0.0325,LOW,0.06236,MEDIUM
docker-modem,0.008,LOW,0,LOW
@sinonjs/text-encoding,0.0325,LOW,0.07272,MEDIUM
@duffel/api,0.0325,LOW,0,LOW
@formbricks/api,0.0325,LOW,0.00001,LOW
coingecko-api-v3,0.0325,LOW,0.00029,LOW
@graphiql/plugin-history,0.0325,LOW,0.05069,LOW
@langchain/langgraph-api,0.2237,LOW,0.04447,LOW
msw,0.2237,LOW,0,LOW
csv-stringify,0.0325,LOW,0.05058,LOW
stack-chain,0.0325,LOW,0.04901,LOW
testrail-api,0.0634,LOW,0.00002,LOW
twitter-api-v2,0.0634,LOW,0.00001,LOW
api-ref-bundler,0.0634,LOW,0.14602,MEDIUM
dropbox-v2-api,0.0325,LOW,0.05185,MEDIUM
@graphiql/plugin-doc-explorer,0.0325,LOW,0.05082,LOW
openai,0.0634,LOW,0.0297,LOW
mocker-api,0.0325,LOW,0,LOW
@woocommerce/woocommerce-rest-api,0.0325,LOW,0.01236,LOW
@allurereport/plugin-api,0.0325,LOW,0.05077,LOW
oxc-resolver,0.0634,LOW,0.00032,LOW
@kubernetes-models/gateway-api,0.0325,LOW,0.14318,MEDIUM
@twurple/api,0.0325,LOW,0.01829,LOW
libnpmorg,0.0325,LOW,0.01477,LOW
mongodb-atlas-api-client,0.0325,LOW,0,LOW
@serialport/parser-readline,0.0634,LOW,0.05077,LOW
algoliasearch,0.0325,LOW,0,LOW
@react-google-maps/marker-clusterer,0.0634,LOW,0.16579,MEDIUM
webflow-api,0.0325,LOW,0,LOW
@asamuzakjp/nwsapi,0.0325,LOW,0.04245,LOW
ews-javascript-api,0.0325,LOW,0,LOW
@gitbook/api,0.0325,LOW,0,LOW
@oxc-resolver/binding-linux-x64-musl,0.0325,LOW,0.01385,LOW
ini-api,0.0325,LOW,0.05077,LOW
@duckdb/node-api,0.0325,LOW,0.01385,LOW
http2-wrapper,0.0325,LOW,0,LOW
@nanogiants/nestjs-swagger-api-exception-decorator,0.0662,LOW,0.01244,LOW
@codingame/monaco-vscode-extension-api,0.0325,LOW,0.04296,LOW
@allurereport/core-api,0.0325,LOW,0.05077,LOW
@antv/g-device-api,0.0634,LOW,0.07835,MEDIUM
@types/arcgis-rest-api,0.0325,LOW,0.05077,LOW
@kintone/rest-api-client,0.2237,LOW,0.00418,LOW
@storybook/core-common,0.2237,LOW,0.01385,LOW
isomorphic-fetch,0.0325,LOW,0,LOW
@ckeditor/ckeditor5-widget,0.0634,LOW,0.00838,LOW
xfarr-api,0.0325,LOW,0.05082,LOW
google-translate-api-x,0.0325,LOW,0.00635,LOW
strong-globalize,0.0325,LOW,0.0504,LOW
@unrs/resolver-binding-linux-x64-musl,0.0325,LOW,0.01385,LOW
@rushstack/heft-api-extractor-plugin,0.0325,LOW,0.05077,LOW
@discordjs/rest,0.0325,LOW,0.113,MEDIUM
@allurereport/reader-api,0.0325,LOW,0,LOW
@dynamic-labs/sdk-api-core,0.0325,LOW,0,LOW
@goauthentik/api,0.0325,LOW,0,LOW
@@types/tryghost/content-api,0.0325,LOW,0.05077,LOW
@storybook/core-webpack,0.2237,LOW,0,LOW
@google-cloud/tasks,0.2237,LOW,0.01076,LOW
@oxc-resolver/binding-linux-x64-gnu,0.0325,LOW,0.01385,LOW
@sap/cf-tools,0.0325,LOW,0.01244,LOW
prometheus-api-metrics,0.0325,LOW,0.05077,LOW
jsforce,0.2237,LOW,0,LOW
@slack/rtm-api,0.0325,LOW,0.01237,LOW
@types/node-telegram-bot-api,0.0325,LOW,0.04825,LOW
api-autoresbot,0.0325,LOW,0.05045,LOW
@rss3/api-utils,0.0325,LOW,0.14611,MEDIUM
@whatwg-node/node-fetch,0.0325,LOW,0.01121,LOW
lib,0.0325,LOW,0,LOW
@types/istanbul-lib-coverage,0.0325,LOW,0.05077,LOW
@types/istanbul-lib-report,0.0325,LOW,0.05077,LOW
app-builder-lib,0.3459,MEDIUM,0.01329,LOW
@actions/exec,0.0325,LOW,0.00001,LOW
ansis,0.0325,LOW,0.01385,LOW
@actions/core,0.0325,LOW,0.04036,LOW
dom-helpers,0.0325,LOW,0.03734,LOW
@actions/io,0.0325,LOW,0.04441,LOW
@actions/github,0.0325,LOW,0.00128,LOW
blg-akaun-ts-lib,0.0325,LOW,0.01218,LOW
@types/bitcore-lib,0.0325,LOW,0.05077,LOW
@formatjs/cli-lib,0.0325,LOW,0.00974,LOW
cordova-lib,0.0325,LOW,0.03619,LOW
sitemap,0.0325,LOW,0.00567,LOW
@types/istanbul-lib-instrument,0.0325,LOW,0.05077,LOW
lib-esm,0.0325,LOW,0.00025,LOW
jss,0.0634,LOW,0.15999,MEDIUM
@adobe/aio-lib-core-networking,0.1518,LOW,0.00381,LOW
is-my-ip-valid,0.0325,LOW,0.05077,LOW
jest-when,0.2441,LOW,0.05077,LOW
@types/istanbul-lib-source-maps,0.0325,LOW,0.05077,LOW
@actions/artifact,0.0325,LOW,0.04992,LOW
@actions/glob,0.0325,LOW,0.05068,LOW
ios-device-lib,0.0325,LOW,0.01247,LOW
vite-plugin-lib-inject-css,0.2237,LOW,0.03467,LOW
ansi-html-community,0.0325,LOW,0.04357,LOW
fast-memoize,0.0325,LOW,0.05077,LOW
oauth-sign,0.0325,LOW,0.00076,LOW
color2k,0.0325,LOW,0.00532,LOW
keycharm,0.0325,LOW,0.05077,LOW
@cspell/cspell-types,0.0325,LOW,0.01379,LOW
hb-lib-tools,0.0634,LOW,0.00632,LOW
@adobe/aio-lib-runtime,0.1518,LOW,0.00171,LOW
angular-auth-oidc-client,0.0325,LOW,0.00139,LOW
@substrate/txwrapper-core,0.2237,LOW,0.04479,LOW
ansi-html,0.0634,LOW,0.04344,LOW
@angular-architects/module-federation-runtime,0.0325,LOW,0.00926,LOW
@adobe/aio-lib-env,0.1518,LOW,0.04118,LOW
@types/createjs-lib,0.0325,LOW,0.00357,LOW
@actions/cache,0.0325,LOW,0.06077,MEDIUM
youboralib,0.0634,LOW,0.05162,MEDIUM
@actions/tool-cache,0.0325,LOW,0.05107,MEDIUM
@rc-component/mini-decimal,0.0325,LOW,0.05077,LOW
@aleph-alpha/lib-http,0.0325,LOW,0.05107,MEDIUM
seventh,0.0325,LOW,0.13542,MEDIUM
@adobe/aio-lib-ims-jwt,0.1518,LOW,0.03958,LOW
pnglib,0.0325,LOW,0.00655,LOW
@signpdf/placeholder-pdf-lib,0.0325,LOW,0.0472,LOW
@loki/integration-core,0.0325,LOW,0.01385,LOW
@loki/core,0.0325,LOW,0,LOW
json-difference,0.0325,LOW,0.01385,LOW
@adobe/aio-lib-customer-profile,0.76,MEDIUM,0.06017,MEDIUM
@loki/target-native-core,0.0325,LOW,0.02189,LOW
electron-builder-lib,0.2237,LOW,0.00782,LOW
@adobe/aio-lib-console,0.76,MEDIUM,0.05529,MEDIUM
jquery-deferred,0.0325,LOW,0.0004,LOW
ejs-include-regex,0.0325,LOW,0.04775,LOW
@adobe/aio-lib-ims-oauth,0.1518,LOW,0.00542,LOW
@aleph-alpha/lib-auth,0.0325,LOW,0.01118,LOW
@loki/target-chrome-core,0.0325,LOW,0,LOW
serverless-sentry-lib,0.0325,LOW,0.01095,LOW
@redocly/theme,0.0325,LOW,0.13826,MEDIUM
@toastdotdev/lib,0.0325,LOW,0.00156,LOW
pdf-lib-incremental-save,0.0325,LOW,0.00032,LOW
ergo-lib-wasm-nodejs,0.0325,LOW,0.01446,LOW
svelte-forms-lib,0.0325,LOW,0.01244,LOW
parse-git-url,0.0325,LOW,0,LOW
@edx/frontend-lib-special-exams,0.2441,LOW,0.05134,MEDIUM
@azure/swagger-validation-common,0.0325,LOW,0.0482,LOW
@braintree/browser-detection,0.0325,LOW,0.05077,LOW
@braintree/wrap-promise,0.0325,LOW,0.05077,LOW
@svar-ui/lib-dom,0.0325,LOW,0.01244,LOW
ripemd160-min,0.0325,LOW,0.0227,LOW
amf-json-ld-lib,0.0325,LOW,0.04487,LOW
hasodi-lib,0.0325,LOW,0.02054,LOW
@@types/adobe/aio-lib-analytics,0.0325,LOW,0.05077,LOW
@seidor-cloud-produtos/orbit-backend-lib,0.0325,LOW,0.01561,LOW
@svar-ui/lib-svelte,0.0325,LOW,0.01238,LOW
@types/istanbul-lib-hook,0.0325,LOW,0.05077,LOW
@svar-ui/lib-state,0.0325,LOW,0.01244,LOW
@enonic-types/lib-portal,0.0325,LOW,0.01385,LOW
authy,0.0325,LOW,0.04598,LOW
@enonic-types/lib-auth,0.0325,LOW,0.01385,LOW
@enonic-types/lib-content,0.0325,LOW,0.01385,LOW
@enonic-types/lib-context,0.0325,LOW,0.01385,LOW
@webitel/ui-sdk,0.2237,LOW,0.00293,LOW
@enonic-types/lib-node,0.0325,LOW,0.01385,LOW
@guo514360255/antd-lib,0.0634,LOW,0.01244,LOW
hyper-cmd-lib-keys,0.0325,LOW,0.01385,LOW
validate-vat,0.0325,LOW,0,LOW
nypr-publisher-lib,0.7396,MEDIUM,0.00186,LOW
@enonic-types/lib-admin,0.0325,LOW,0.01385,LOW
@enonic-types/lib-event,0.0325,LOW,0.01385,LOW
vue-google-charts,0.0325,LOW,0.06567,MEDIUM
@enonic-types/lib-common,0.0325,LOW,0.01385,LOW
nofs,0.0325,LOW,0.04753,LOW
@toastdotdev/lib-linux-x64-gnu,0.0325,LOW,0.01385,LOW
@squiz/db-lib,0.1518,LOW,0.04959,LOW
@enonic-types/lib-repo,0.0325,LOW,0.01385,LOW
@enonic-types/lib-io,0.0325,LOW,0.01385,LOW
@enonic-types/lib-websocket,0.0325,LOW,0.01385,LOW
@enonic-types/lib-value,0.0325,LOW,0.01385,LOW
@enonic-types/lib-i18n,0.0325,LOW,0.01385,LOW
@enonic-types/lib-task,0.0325,LOW,0.01385,LOW
validate-vat-ts,0.0325,LOW,0.00306,LOW
@auto-euro/ae-tools-lib,0.2237,LOW,0,LOW
@enonic-types/lib-cluster,0.0325,LOW,0.01385,LOW
@bitgo-beta/utxo-ord,0.0325,LOW,0.03897,LOW
@enonic-types/lib-scheduler,0.0325,LOW,0.01385,LOW
@enonic-types/lib-mail,0.0325,LOW,0.01385,LOW
@enonic-types/lib-grid,0.0325,LOW,0.01385,LOW
@overwolf/ow-app-builder-lib,0.3459,MEDIUM,0.09942,MEDIUM
@robhan-cdk-lib/utils,0.0325,LOW,0.14602,MEDIUM
@abtnode/logger,0.7011,MEDIUM,0.05077,LOW
@enonic-types/lib-export,0.0325,LOW,0.01385,LOW
@blackbaud/skyux-lib-addin-client,0.0325,LOW,0.01385,LOW
myrtex-lib,0.2237,LOW,0.04296,LOW
@actions/attest,0.0325,LOW,0.00029,LOW
azure-pipelines-tool-lib,0.0634,LOW,0.05078,LOW
@enonic-types/lib-project,0.0325,LOW,0.01385,LOW
zeelib,0.0325,LOW,0.05082,LOW
@enonic-types/lib-app,0.0325,LOW,0.01385,LOW
@enonic-types/lib-schema,0.0325,LOW,0.01385,LOW
@paroicms/public-anywhere-lib,0.0325,LOW,0.04911,LOW
@enonic-types/lib-vhost,0.0325,LOW,0.01385,LOW
@enonic-types/lib-auditlog,0.0325,LOW,0.01385,LOW
@paroicms/internal-anywhere-lib,0.0325,LOW,0.05077,LOW
@toastdotdev/lib-darwin-arm64,0.0325,LOW,0.01385,LOW
js-file-downloader,0.0325,LOW,0.13031,MEDIUM
rgbquant,0.0325,LOW,0.04298,LOW
baconjs,0.0325,LOW,0.14667,MEDIUM
@nordcraft/std-lib,0.0325,LOW,0.00332,LOW
@steedos/filters,0.0325,LOW,0.09903,MEDIUM
react-native-country-codes-picker,0.0325,LOW,0.05077,LOW
@visactor/vchart,0.0325,LOW,0.02599,LOW
redux-act,0.0325,LOW,0.14602,MEDIUM
@toastdotdev/lib-darwin-x64,0.0325,LOW,0.01385,LOW
@capibox/bridge-browser,0.0325,LOW,0.00418,LOW
list-to-array,0.0325,LOW,0.05077,LOW
@studiokloek/ts-core-lib,0.0325,LOW,0.13474,MEDIUM
@hernas/app-builder-lib,0.3459,MEDIUM,0.0133,LOW
@toastdotdev/lib-win32-x64-msvc,0.0325,LOW,0.01385,LOW
@contrast/agent-lib,0.0325,LOW,0.05077,LOW
babel-plugin-transform-imports,0.0325,LOW,0.04048,LOW
slide,0.0634,LOW,0.01385,LOW
@antv/s2,0.0325,LOW,0.0736,MEDIUM
jquery-datepicker,0.0325,LOW,0.05037,LOW
simple-drawing-board,0.0325,LOW,0,LOW
@blocklet/launcher-ux,0.3452,MEDIUM,0.05077,LOW
@liveauctioneers/api-test-lib,0.0325,LOW,0.00051,LOW
node-key-sender,0.0325,LOW,0.05077,LOW
@aws-cdk/aws-apigatewayv2-alpha,0.0325,LOW,0.33335,HIGH
hans-ui-design-lib,0.0634,LOW,0.02505,LOW
@types/bitcore-lib-cash,0.0634,LOW,0.05077,LOW
@steedos/client,0.0325,LOW,0.04573,LOW
wx-lib-dom,0.0325,LOW,0.01244,LOW
jqueryify,0.0325,LOW,0.01242,LOW
jquery.tmpl,0.0325,LOW,0.00099,LOW
istanbul-lib-report,0.0325,LOW,0.05077,LOW
@capibox/bridge-server,0.2441,LOW,0.00404,LOW
@bchr/bchr-front-lib,0.344,MEDIUM,0.01974,LOW
@asseinfo/react-kanban,0.0325,LOW,0.07252,MEDIUM
@enonic-types/lib-react4xp,0.0325,LOW,0.01385,LOW
@bitgo/utxo-ord,0.2441,LOW,0.03899,LOW
@types/react-native-pdf-lib,0.0325,LOW,0.05077,LOW
@automattic/tour-kit,0.6824,MEDIUM,0.05043,LOW
appbase-js,0.0325,LOW,0.03687,LOW
@arcblock/did,0.0325,LOW,0.02745,LOW
cordova-serve,0.0634,LOW,0,LOW
@mitech-cloud/mi-lib,,UNKNOWN,0.02256,LOW
sodium,0.344,MEDIUM,0.09618,HIGH
@adobe/aio-cli-lib-app-config,0.1518,LOW,0.04598,LOW
@stich_47/api-lib,0.0325,LOW,0.00812,LOW
miniapp-builder-shared,0.0325,LOW,0.03381,LOW
@toptal/davinci-skeleton-lib,0.0325,LOW,0.05077,LOW
cozy-mespapiers-lib,0.0325,LOW,0.03814,LOW
@btielen/pdf-lib-fontkit,0.0634,LOW,0.16138,MEDIUM
@hmcts/rpx-xui-common-lib,0.0325,LOW,0.07217,MEDIUM
@spartez-software/test-utils,0.0325,LOW,0.05077,LOW
wx-lib-svelte,0.0325,LOW,0.01244,LOW
wx-lib-state,0.0325,LOW,0.01244,LOW
@doodle3d/clipper-js,0.0325,LOW,0.05077,LOW
@item-enonic-types/lib-http-client,0.0325,LOW,0.05077,LOW
@ocap/mcrypto,0.0325,LOW,0.03583,LOW
trading-vue-js,0.0325,LOW,0.09746,MEDIUM
microjob,0.0325,LOW,0,LOW
dom-helper,0.0325,LOW,0,LOW
zapier-platform-json-schema,0.0325,LOW,0.05077,LOW
@blocklet/crawler,0.8936,HIGH,0.00665,LOW
react-chartjs,0.0325,LOW,0.1375,MEDIUM
keymirror,0.0325,LOW,0.00169,LOW
@svar-ui/lib-react,0.0325,LOW,0.01244,LOW
light-fsm-lib,0.0325,LOW,0.05077,LOW
@ds-systems/ds-ui-lib,0.0325,LOW,0.0139,LOW
@tiendanube/react-experiments,0.0325,LOW,0.01244,LOW
ergo-lib-wasm-browser,0.0325,LOW,0.01492,LOW
nanoajax,0.0325,LOW,0.00721,LOW
auth-lib,0.0325,LOW,0.05077,LOW
poline,0.0325,LOW,0.14642,MEDIUM
@openhealth/oht-custom-parser-lib,0.9484,HIGH,0.0587,MEDIUM
pdf-lib,0.0325,LOW,0.00032,LOW
@spartez-software/jira-test,0.03,LOW,0.00265,LOW
modal-box,0.0325,LOW,0.05077,LOW
grape,0.0325,LOW,0.05107,MEDIUM
@rxdrag/website-lib,0.2441,LOW,0.05077,LOW
istanbul-lib-coverage,0.0325,LOW,0.05077,LOW
@xyo-network/express-node-lib,0.0325,LOW,0.01385,LOW
webphone-lib,0.0325,LOW,0.03742,LOW
@arcblock/vc,0.0325,LOW,0.03411,LOW
better-xlsx,0.0634,LOW,0.01217,LOW
@rym-lib/uri,0.0325,LOW,0.05077,LOW
react-native-game-services,0.0634,LOW,0.01244,LOW
@cg-devcenter/jsb,0.0325,LOW,0.04106,LOW
azu-pck-ts,0.1575,LOW,0.06802,MEDIUM
create-lib,0.0634,LOW,,UNKNOWN
hel-lib-proxy,0.0325,LOW,0.04615,LOW
eccodes-data-grib2,0.0634,LOW,0.05077,LOW
index-require,0.0634,LOW,0.05077,LOW
lz-header-lib,0.0325,LOW,0.00675,LOW
topcoder-react-lib,0.0634,LOW,0.00453,LOW
traverser,0.0325,LOW,0.01385,LOW
qwep-kit,0.0325,LOW,0.09488,MEDIUM
splunk-events,0.624,MEDIUM,0.0471,LOW
istanbul-lib-source-maps,0.624,MEDIUM,0.00086,LOW
when-jest,0.2441,LOW,0.05077,LOW
@adobe/aio-lib-test-proxy,0.1518,LOW,0,LOW
@here-wallet/core,0.2441,LOW,0.00064,LOW
@signatu/lib,0.0634,LOW,0.00019,LOW
@aws-cdk/aws-apigatewayv2-integrations-alpha,0.0325,LOW,0.05073,LOW
pdf-lib-draw-table-beta,0.0325,LOW,0.15096,MEDIUM
browser-type-check,0.0325,LOW,0.05077,LOW
@manifoldxyz/service-client-lib,0.0325,LOW,0.0047,LOW
@inh-lib/common,0.0325,LOW,0.01385,LOW
svelte-virtual-scroll-list,0.0325,LOW,0.05077,LOW
@ionic-enterprise/cordova-lib,0.0325,LOW,0.00469,LOW
insert-text-at-cursor,0.0325,LOW,0.05077,LOW
@item-enonic-types/lib-time,0.0325,LOW,0.00449,LOW
@naiheyoung/color,0.0325,LOW,0.05087,LOW
enzyme-drivers,0.0325,LOW,0.01385,LOW
af-mobile-client-vue3,0.2237,LOW,0,LOW
clipper-js,0.0325,LOW,0.05077,LOW
eslint,0.0634,LOW,0.00304,LOW
@typescript-eslint/eslint-plugin,0.0325,LOW,0.06055,MEDIUM
@eslint-community/eslint-utils,0.0325,LOW,0.05128,MEDIUM
eslint-scope,0.0634,LOW,0.00872,LOW
eslint-utils,0.0325,LOW,0.05122,MEDIUM
@typescript-eslint/scope-manager,0.0325,LOW,0.05082,LOW
@eslint/core,0.0325,LOW,0.02491,LOW
eslint-plugin-eslint-comments,0.0325,LOW,0,LOW
@types/eslint,0.0325,LOW,0,LOW
@typescript-eslint/utils,0.0325,LOW,0.00612,LOW
@eslint/plugin-kit,0.0325,LOW,0.05077,LOW
eslint-plugin-jest,0.0325,LOW,0.04983,LOW
eslint-plugin-react,0.0325,LOW,0.04878,LOW
@eslint/eslintrc,0.0325,LOW,0.012,LOW
eslint-plugin-react-hooks,0.0325,LOW,0.05131,MEDIUM
@eslint/config-helpers,0.0325,LOW,0.05077,LOW
@typescript-eslint/parser,0.0325,LOW,0.00026,LOW
@eslint-community/eslint-plugin-eslint-comments,0.0325,LOW,0.00001,LOW
allure-js-commons,,UNKNOWN,0.03133,LOW
@aws-crypto/sha256-js,,UNKNOWN,0.05011,LOW
base64-js,,UNKNOWN,0.01354,LOW
core-js-compat,,UNKNOWN,0.01385,LOW
@grpc/grpc-js,,UNKNOWN,0,LOW
http-parser-js,,UNKNOWN,0.00062,LOW
js,,UNKNOWN,0.01385,LOW
js-base64,,UNKNOWN,0,LOW
murmurhash-js,,UNKNOWN,0,LOW
postcss-js,,UNKNOWN,0.01385,LOW
@react-pdf/png-js,,UNKNOWN,0.05264,MEDIUM
rtl-css-js,,UNKNOWN,0.04848,LOW
@smithy/md5-js,,UNKNOWN,0.05077,LOW
@supabase/functions-js,,UNKNOWN,0.03277,LOW
@types/crypto-js,,UNKNOWN,0.05077,LOW
@types/js-cookie,,UNKNOWN,0.05077,LOW
@types/js-levenshtein,,UNKNOWN,0.05077,LOW
@types/js-yaml,,UNKNOWN,0.00988,LOW
@types/uglify-js,,UNKNOWN,0.05077,LOW
yamux-js,,UNKNOWN,0.01244,LOW
@zag-js/file-utils,,UNKNOWN,0,LOW
@zag-js/rect-utils,,UNKNOWN,0.04857,LOW
